Date,GLD,SPY,TLT,VNQ,XOM
2019-01-02,121.33000183105469,224.3825225830078,99.08013916015625,55.5235481262207,50.0018424987793
2019-01-03,122.43000030517578,219.0281219482422,100.20762634277344,55.91170883178711,49.234134674072266
2019-01-04,121.44000244140625,226.36463928222656,99.04771423339844,56.5662727355957,51.04936599731445
2019-01-07,121.86000061035156,228.14947509765625,98.75568389892578,57.12189865112305,51.314849853515625
2019-01-08,121.52999877929688,230.29298400878906,98.49614715576172,58.30160903930664,51.68794250488281
2019-01-09,122.30999755859375,231.36927795410156,98.34201049804688,58.2178955078125,51.96057891845703
2019-01-10,121.58999633789062,232.1854705810547,97.70932006835938,59.009456634521484,51.69511413574219
2019-01-11,121.80000305175781,232.2751007080078,98.09056854248047,59.176910400390625,51.458343505859375
2019-01-14,122.08999633789062,230.85806274414062,97.72551727294922,58.979000091552734,51.393768310546875
2019-01-15,121.87999725341797,233.50384521484375,97.36861419677734,59.5422477722168,51.42246627807617
2019-01-16,122.2699966430664,234.06887817382812,97.46595764160156,59.960853576660156,51.40092468261719
2019-01-17,122.11000061035156,235.84471130371094,97.4903335571289,60.250091552734375,51.752525329589844
2019-01-18,121.0199966430664,238.98379516601562,96.97928619384766,60.455596923828125,52.36955261230469
2019-01-22,121.44999694824219,235.75498962402344,97.6363296508789,60.272918701171875,51.58031463623047
2019-01-23,121.27999877929688,236.24827575683594,97.59577941894531,60.28050994873047,51.15700149536133
2019-01-24,121.08999633789062,236.37391662597656,98.2365493774414,60.486019134521484,51.22874450683594
2019-01-25,122.86000061035156,238.3739013671875,97.76610565185547,61.23955535888672,51.458343505859375
2019-01-28,123.29000091552734,236.56227111816406,97.66878509521484,61.84083557128906,51.11395263671875
2019-01-29,123.9800033569336,236.24827575683594,98.16358947753906,62.32792663574219,51.30766296386719
2019-01-30,124.69000244140625,239.98829650878906,98.09056854248047,62.830265045166016,51.86731719970703
2019-01-31,124.75,242.09597778320312,98.93412780761719,63.48485565185547,52.57762145996094
2019-02-01,124.5,242.21253967285156,98.3366470336914,63.081424713134766,54.47179412841797
2019-02-04,123.95999908447266,243.9167022705078,97.89761352539062,63.553348541259766,53.682552337646484
2019-02-05,124.27999877929688,244.9390106201172,98.34471130371094,63.91865539550781,54.235023498535156
2019-02-06,123.44000244140625,244.61619567871094,98.39349365234375,63.500064849853516,53.99827194213867
2019-02-07,123.73999786376953,242.28436279296875,99.0439224243164,64.02523040771484,53.582122802734375
2019-02-08,124.20999908447266,242.580322265625,99.46663665771484,64.02523040771484,53.66918182373047
2019-02-11,123.5999984741211,242.71481323242188,99.0763931274414,64.20028686523438,53.756221771240234
2019-02-12,123.86000061035156,245.83599853515625,98.82437133789062,63.796875,54.699317932128906
2019-02-13,123.37000274658203,246.6342010498047,98.45043182373047,64.1241683959961,55.315948486328125
2019-02-14,124.05999755859375,246.08718872070312,99.0113525390625,64.32968139648438,55.33046340942383
2019-02-15,124.80000305175781,248.7688446044922,99.16583251953125,64.76350402832031,56.375091552734375
2019-02-19,126.69999694824219,249.1992950439453,99.41783905029297,64.74827575683594,56.75235366821289
2019-02-20,126.4800033569336,249.7015838623047,99.13330078125,64.34488677978516,56.969993591308594
2019-02-21,125.05000305175781,248.81365966796875,98.24720001220703,64.4057846069336,56.45491027832031
2019-02-22,125.5,250.35633850097656,98.83251190185547,64.7863540649414,56.89019012451172
2019-02-25,125.37000274658203,250.69708251953125,98.53986358642578,64.27639770507812,56.94822311401367
2019-02-26,125.58000183105469,250.51771545410156,99.02763366699219,64.07850646972656,57.06431198120117
2019-02-27,124.69000244140625,250.4101104736328,97.90571594238281,63.75882339477539,57.65192413330078
2019-02-28,123.98999786376953,249.94369506835938,97.57241821289062,63.92626953125,57.33271026611328
2019-03-01,121.87999725341797,251.5043487548828,96.67056274414062,63.72840118408203,58.03642272949219
2019-03-04,121.55999755859375,250.58949279785156,97.42819213867188,64.01761627197266,58.261295318603516
2019-03-05,121.72000122070312,250.24868774414062,97.63188171386719,64.19267272949219,58.17424774169922
2019-03-06,121.61000061035156,248.73292541503906,97.99038696289062,63.89583969116211,57.51409149169922
2019-03-07,121.51000213623047,246.6522216796875,98.62580871582031,63.75882339477539,58.152488708496094
2019-03-08,122.83999633789062,246.1588897705078,99.04129028320312,63.827327728271484,57.31822204589844
2019-03-11,122.23999786376953,249.728515625,98.74800872802734,64.76350402832031,57.87681579589844
2019-03-12,122.9800033569336,250.67013549804688,99.44048309326172,65.06034088134766,58.03642272949219
2019-03-13,123.83999633789062,252.3294219970703,99.25315856933594,65.3800048828125,58.55147933959961
2019-03-14,122.41000366210938,252.16793823242188,98.53619384765625,65.47895050048828,58.35561752319336
2019-03-15,122.97000122070312,253.41384887695312,99.18794250488281,65.27345275878906,58.14521789550781
2019-03-18,123.04000091552734,254.33270263671875,99.13093566894531,64.9461898803711,58.81991958618164
2019-03-19,123.37999725341797,254.39573669433594,98.91093444824219,64.74827575683594,58.66755676269531
2019-03-20,124.18000030517578,253.63009643554688,99.94559478759766,64.9461898803711,58.9940071105957
2019-03-21,123.68000030517578,256.49468994140625,100.16557312011719,66.10306549072266,59.334983825683594
2019-03-22,123.97000122070312,251.5581817626953,101.72161102294922,65.62357330322266,58.38462448120117
2019-03-25,124.91999816894531,251.3689727783203,101.8845443725586,65.7072982788086,57.978370666503906
2019-03-26,124.30000305175781,253.24269104003906,101.81122589111328,66.23247528076172,58.73284149169922
2019-03-27,123.6500015258789,251.9185028076172,102.74812316894531,66.04218292236328,58.28304672241211
2019-03-28,121.9000015258789,252.8733673095703,103.10659790039062,66.68302154541016,58.5732421875
2019-03-29,122.01000213623047,254.4678497314453,103.00880432128906,66.6217041015625,58.61677932739258
2019-04-01,121.52999877929688,257.4856262207031,101.54566192626953,66.58338928222656,59.291446685791016
2019-04-02,121.9800033569336,257.6117248535156,101.73348236083984,67.05099487304688,59.03752517700195
2019-04-03,121.80000305175781,258.01715087890625,100.8516845703125,66.97432708740234,58.68932342529297
2019-04-04,122.11000061035156,258.70172119140625,101.137451171875,66.86699676513672,59.52358627319336
2019-04-05,121.9800033569336,259.9540100097656,101.26810455322266,67.3346176147461,59.8427848815918
2019-04-08,122.51000213623047,260.152099609375,100.90884399414062,66.9590072631836,60.21277618408203
2019-04-09,123.1500015258789,258.81884765625,101.2272720336914,66.60636901855469,59.436546325683594
2019-04-10,123.52999877929688,259.70166015625,101.47222900390625,67.2196273803711,59.1681022644043
2019-04-11,121.94999694824219,259.6296081542969,100.87620544433594,67.17364501953125,59.451045989990234
2019-04-12,121.83000183105469,261.38629150390625,100.15764617919922,67.49559020996094,58.703826904296875
2019-04-15,121.5999984741211,261.21514892578125,100.4107666015625,67.15061950683594,58.507957458496094
2019-04-16,120.51000213623047,261.38629150390625,99.78208923339844,65.6328353881836,58.90694808959961
2019-04-17,120.27999877929688,260.74664306640625,99.8228988647461,65.03491973876953,59.07380676269531
2019-04-18,120.37000274658203,261.2601013183594,100.34547424316406,65.53318786621094,58.856170654296875
2019-04-22,120.37000274658203,261.4853515625,99.86371612548828,64.81262969970703,60.14023208618164
2019-04-23,120.12000274658203,263.83648681640625,100.0760269165039,65.67117309570312,60.488433837890625
2019-04-24,120.47000122070312,263.2510070800781,100.89251708984375,66.15412139892578,59.313209533691406
2019-04-25,120.56999969482422,263.0887756347656,100.74551391601562,66.0161361694336,59.64691925048828
2019-04-26,121.37000274658203,264.3138732910156,101.08844757080078,66.5373764038086,58.39188003540039
2019-04-29,120.83000183105469,264.7283935546875,100.44343566894531,65.88581085205078,58.0146484375
2019-04-30,121.19999694824219,264.86346435546875,100.95782470703125,66.51436614990234,58.239532470703125
2019-05-01,120.4000015258789,262.8726806640625,101.37427520751953,66.56804656982422,57.0715446472168
2019-05-02,119.94000244140625,262.3050842285156,100.89154815673828,66.63703918457031,56.070404052734375
2019-05-03,120.6500015258789,264.87255859375,101.17790985107422,67.20428466796875,56.20100402832031
2019-05-06,120.80999755859375,263.7825622558594,101.45606994628906,66.98965454101562,55.95435333251953
2019-05-07,121.20999908447266,259.3773498535156,102.2333984375,65.7784652709961,55.65692138671875
2019-05-08,120.91000366210938,259.01715087890625,101.79156494140625,65.70951080322266,55.743961334228516
2019-05-09,121.19999694824219,258.2333679199219,102.20885467529297,65.87815856933594,55.69319534301758
2019-05-10,121.43000030517578,259.5305480957031,102.06977844238281,66.58338928222656,56.17747116088867
2019-05-13,122.66999816894531,253.0084228515625,102.87158203125,66.51436614990234,55.55376434326172
2019-05-14,122.45999908447266,255.29656982421875,102.56883239746094,66.75967407226562,55.62714385986328
2019-05-15,122.38999938964844,256.7919921875,103.19886016845703,67.2119369506836,56.03807067871094
2019-05-16,121.51000213623047,259.170166015625,102.85518646240234,67.48023986816406,56.03071594238281
2019-05-17,120.6500015258789,257.4946594238281,103.08428955078125,67.3499526977539,55.700523376464844
2019-05-20,120.63999938964844,255.79208374023438,102.87158203125,66.37641906738281,55.69319534301758
2019-05-21,120.36000061035156,258.0982666015625,102.70794677734375,66.94364929199219,55.950016021728516
2019-05-22,120.23999786376953,257.3055114746094,103.29705047607422,67.1429672241211,55.44369888305664
2019-05-23,121.16999816894531,254.1615753173828,104.45886993408203,67.2962875366211,54.144935607910156
2019-05-24,121.30000305175781,254.7380828857422,104.5488510131836,67.50325012207031,54.37240982055664
2019-05-28,120.83000183105469,252.36892700195312,105.30159759521484,66.83634948730469,53.27909469604492
2019-05-29,120.87000274658203,250.6753692626953,105.62068939208984,65.94710540771484,52.94887924194336
2019-05-30,121.69000244140625,251.3599395751953,106.52890014648438,66.22309875488281,52.80947494506836
2019-05-31,123.33000183105469,247.9728546142578,107.8625259399414,66.60636901855469,51.928955078125
2019-06-03,125.11000061035156,247.34225463867188,108.58406066894531,66.76737213134766,52.743446350097656
2019-06-04,125.1500015258789,252.71119689941406,107.34601593017578,66.46841430664062,53.99818420410156
2019-06-05,125.47000122070312,254.90028381347656,106.73931884765625,67.8558578491211,53.55057144165039
2019-06-06,125.87999725341797,256.55780029296875,107.08365631103516,67.98619842529297,54.5265007019043
2019-06-07,126.58999633789062,259.1252136230469,108.0101547241211,68.2391357421875,54.72461700439453
2019-06-10,125.33000183105469,260.3142395019531,106.99349975585938,68.01685333251953,54.96675491333008
2019-06-11,125.18000030517578,260.251220703125,107.0590591430664,68.20081329345703,54.915382385253906
2019-06-12,125.83000183105469,259.7917785644531,107.14106750488281,68.4307861328125,54.321041107177734
2019-06-13,126.5999984741211,260.8637390136719,107.51004028320312,68.72209930419922,54.798004150390625
2019-06-14,126.55999755859375,260.5754699707031,107.78057098388672,68.7603988647461,54.55584716796875
2019-06-17,126.4800033569336,260.6745910644531,107.9691390991211,69.49630737304688,55.09883499145508
2019-06-18,127.12000274658203,263.4041442871094,108.51023864746094,69.42730712890625,55.575782775878906
2019-06-19,127.88999938964844,263.9986267089844,108.666015625,69.80294799804688,55.26759338378906
2019-06-20,131.11000061035156,266.52105712890625,108.9530029296875,70.15553283691406,56.21417999267578
2019-06-21,131.97999572753906,266.1336669921875,107.75592803955078,69.16668701171875,57.00663757324219
2019-06-24,133.94000244140625,265.8077087402344,108.55941009521484,68.92904663085938,56.46364212036133
2019-06-25,134.1999969482422,263.2007141113281,108.89562225341797,67.9095230102539,55.964683532714844
2019-06-26,132.97000122070312,262.93817138671875,108.19867706298828,66.55272674560547,56.20682144165039
2019-06-27,132.83999633789062,263.8704833984375,108.96119689941406,67.40945434570312,55.634483337402344
2019-06-28,133.1999969482422,265.2284240722656,108.88739013671875,67.64164733886719,56.22882843017578
2019-07-01,130.6199951171875,267.63616943359375,108.63272857666016,67.61068725585938,56.17747116088867
2019-07-02,133.41000366210938,268.3332824707031,109.47067260742188,68.78704833984375,55.561126708984375
2019-07-03,133.6300048828125,270.4786376953125,110.25106048583984,69.6074447631836,56.08942413330078
2019-07-05,132.13999938964844,270.1708984375,108.788818359375,69.35978698730469,55.8619499206543
2019-07-08,131.2899932861328,268.686279296875,108.93668365478516,69.6074447631836,56.11878967285156
2019-07-09,131.75,269.02117919921875,108.89559173583984,69.83958435058594,56.08208084106445
2019-07-10,133.8300018310547,270.3066711425781,108.29588317871094,70.2420425415039,56.87456130981445
2019-07-11,132.6999969482422,270.9402770996094,106.85010528564453,69.32882690429688,56.9185791015625
2019-07-12,133.52999877929688,272.1533203125,106.9733657836914,69.23593139648438,56.962623596191406
2019-07-15,133.52999877929688,272.2437744140625,107.5894546508789,69.1817626953125,56.55904006958008
2019-07-16,132.39999389648438,271.36578369140625,107.2690658569336,69.01923370361328,55.715206146240234
2019-07-17,134.5800018310547,269.51910400390625,108.4273681640625,68.78704833984375,55.38500213623047
2019-07-18,136.47999572753906,270.50579833984375,108.43557739257812,68.78704833984375,54.915382385253906
2019-07-19,134.47000122070312,269.00311279296875,108.18095397949219,67.66487884521484,55.02545928955078
2019-07-22,134.4499969482422,269.6639404296875,108.38629913330078,67.60295104980469,55.084163665771484
2019-07-23,133.69000244140625,271.592041015625,107.7948226928711,68.36913299560547,55.30430603027344
2019-07-24,134.3699951171875,272.8683776855469,108.2630386352539,68.42332458496094,55.29696273803711
2019-07-25,133.4199981689453,271.5649719238281,107.74552917480469,68.02086639404297,54.981422424316406
2019-07-26,133.63999938964844,273.38433837890625,108.00018310546875,68.3304443359375,54.89338684082031
2019-07-29,134.52999877929688,272.886474609375,108.03307342529297,68.51617431640625,55.28227996826172
2019-07-30,134.97999572753906,272.2166442871094,108.29588317871094,69.06565856933594,55.28961944580078
2019-07-31,133.2100067138672,269.2384338378906,109.16669464111328,68.7947769165039,54.56317901611328
2019-08-01,136.41000366210938,266.89398193359375,111.33479309082031,68.7947769165039,53.16901779174805
2019-08-02,135.88999938964844,264.8844299316406,112.3636703491211,69.12760162353516,52.64804458618164
2019-08-05,137.7899932861328,256.9184875488281,114.30624389648438,67.76547241210938,51.56939697265625
2019-08-06,138.91000366210938,260.521240234375,115.21989440917969,68.51617431640625,52.068359375
2019-08-07,141.02000427246094,260.6751708984375,115.26103973388672,69.1817626953125,51.730831146240234
2019-08-08,141.72999572753906,265.7895812988281,115.50799560546875,70.39683532714844,53.11030960083008
2019-08-09,141.25999450683594,263.97918701171875,115.2774658203125,70.31171417236328,51.980289459228516
2019-08-12,142.6300048828125,260.765625,117.6810302734375,70.12598419189453,51.72772216796875
2019-08-13,141.77999877929688,264.8210754394531,117.27769470214844,70.2265853881836,52.36661148071289
2019-08-14,142.75,256.9908752441406,119.9198989868164,69.15853881835938,50.25679397583008
2019-08-15,143.6999969482422,257.6698303222656,121.25336456298828,69.84733581542969,49.959632873535156
2019-08-16,142.77999877929688,261.4718017578125,120.28208923339844,70.56710052490234,50.73966979980469
2019-08-19,141.11000061035156,264.6218566894531,118.5617904663086,71.07788848876953,51.593990325927734
2019-08-20,142.2100067138672,262.5942077636719,119.78816986083984,70.5748291015625,51.2819938659668
2019-08-21,141.75999450683594,264.7305908203125,118.98979187011719,70.86892700195312,51.794593811035156
2019-08-22,141.39999389648438,264.6490478515625,118.19961547851562,71.19398498535156,51.683162689208984
2019-08-23,144.1699981689453,257.85089111328125,120.14215850830078,70.19561004638672,50.137935638427734
2019-08-26,144.19000244140625,260.7023010253906,119.65648651123047,70.73735809326172,50.40537643432617
2019-08-27,145.57000732421875,259.679443359375,121.50032043457031,70.53612518310547,49.91505432128906
2019-08-28,145.16000366210938,261.5079040527344,121.65666961669922,70.7683334350586,50.279083251953125
2019-08-29,144.1199951171875,264.84820556640625,121.19571685791016,71.31780242919922,50.83625030517578
2019-08-30,143.75,264.7305908203125,121.22866821289062,71.37199401855469,50.87339782714844
2019-09-03,145.75,263.1825256347656,121.38533020019531,72.08399963378906,50.93282699584961
2019-09-04,146.66000366210938,266.16973876953125,121.56674194335938,72.68768310546875,51.47513961791992
2019-09-05,143.13999938964844,269.5914611816406,119.36514282226562,72.1613998413086,52.20317840576172
2019-09-06,141.9199981689453,269.79974365234375,120.21440887451172,72.32392883300781,52.6934814453125
2019-09-09,141.38999938964844,269.9355163574219,118.07882690429688,71.97566223144531,53.10950469970703
2019-09-10,140.17999267578125,269.8721618652344,116.00914001464844,71.23269653320312,53.54037857055664
2019-09-11,141.02999877929688,271.7911376953125,115.80294799804688,71.31006622314453,53.43636703491211
2019-09-12,141.32000732421875,272.732666015625,115.04437255859375,71.6893081665039,53.47353744506836
2019-09-13,140.14999389648438,272.551513671875,112.58712768554688,70.92312622070312,53.963829040527344
2019-09-16,141.32000732421875,271.70977783203125,114.0218734741211,71.54227447509766,54.77358627319336
2019-09-17,141.60000610351562,272.3976135253906,114.64030456542969,72.31620025634766,54.35757064819336
2019-09-18,140.7100067138672,272.5606384277344,115.12677764892578,72.06853485107422,54.0975456237793
2019-09-19,141.27999877929688,272.54254150390625,115.47315979003906,72.32392883300781,53.733543395996094
2019-09-20,142.9499969482422,271.2547912597656,116.99858856201172,72.32392883300781,53.547813415527344
2019-09-23,143.75,271.1911315917969,116.97380065917969,72.44001770019531,53.5849609375
2019-09-24,144.50999450683594,269.0632019042969,118.38392639160156,72.27931213378906,52.8494987487793
2019-09-25,141.8300018310547,270.6546325683594,116.65228271484375,72.41974639892578,53.00550079345703
2019-09-26,141.7899932861328,270.0908508300781,117.40267181396484,73.02823638916016,52.72319793701172
2019-09-27,141.05999755859375,268.6357421875,117.6912612915039,72.62255859375,53.10209655761719
2019-09-30,138.8699951171875,269.8815612792969,117.97979736328125,72.74739837646484,52.45576477050781
2019-10-01,139.6300048828125,266.67144775390625,118.33502197265625,72.06087493896484,51.22256088256836
2019-10-02,141.25999450683594,261.96075439453125,118.62415313720703,71.75662231445312,49.88534927368164
2019-10-03,141.89999389648438,264.1069641113281,119.70623779296875,72.45094299316406,50.501949310302734
2019-10-04,141.89999389648438,267.680908203125,120.59008026123047,72.88780975341797,51.2374153137207
2019-10-07,140.69000244140625,266.52593994140625,119.59054565429688,72.7317886352539,50.53166198730469
2019-10-08,141.9199981689453,262.38824462890625,119.91267395019531,72.34951782226562,49.55104064941406
2019-10-09,142.0500030517578,264.8799743652344,119.2353744506836,72.48992156982422,50.10079574584961
2019-10-10,140.80999755859375,266.67144775390625,117.45945739746094,72.60696411132812,50.70252227783203
2019-10-11,140.02999877929688,269.43597412109375,116.0056381225586,72.57574462890625,51.24484634399414
2019-10-14,140.58999633789062,269.13592529296875,116.8482437133789,72.60696411132812,51.39342498779297
2019-10-15,139.61000061035156,271.8004455566406,115.43569946289062,72.70057678222656,51.57172393798828
2019-10-16,140.41000366210938,271.3639831542969,115.57611846923828,72.70838165283203,50.68767166137695
2019-10-17,140.61000061035156,272.1641845703125,115.2952880859375,73.18425750732422,50.62080764770508
2019-10-18,140.4600067138672,270.972900390625,115.2952880859375,73.74596405029297,50.22707748413086
2019-10-21,139.7899932861328,272.8099060058594,114.42793273925781,74.30764770507812,51.066551208496094
2019-10-22,140.1999969482422,271.9186096191406,115.09709167480469,74.08919525146484,51.32655715942383
2019-10-23,140.52999877929688,272.70977783203125,115.21266174316406,74.25303649902344,51.816871643066406
2019-10-24,141.52999877929688,273.1553955078125,114.98140716552734,74.06584167480469,51.32655715942383
2019-10-25,141.86000061035156,274.2740173339844,114.41972351074219,73.43390655517578,51.445430755615234
2019-10-28,140.63999938964844,275.8199157714844,113.37895202636719,72.98922729492188,50.99225997924805
2019-10-29,140.25,275.73809814453125,113.4532699584961,73.43390655517578,50.84367370605469
2019-10-30,141.02000427246094,276.5838928222656,115.11353302001953,73.69916534423828,50.308799743652344
2019-10-31,142.42999267578125,275.84722900390625,116.66646575927734,73.56654357910156,50.19736862182617
2019-11-01,142.55999755859375,278.40264892578125,116.30738067626953,73.55091857910156,51.705440521240234
2019-11-04,142.14999389648438,279.5212097167969,114.7765121459961,73.03604888916016,53.24322509765625
2019-11-05,139.85000610351562,279.2119140625,113.4857177734375,71.7956314086914,54.29814529418945
2019-11-06,140.4499969482422,279.2756652832031,114.1724853515625,71.95165252685547,53.10950469970703
2019-11-07,138.27000427246094,280.2578430175781,112.10387420654297,71.23392486572266,54.23870086669922
2019-11-08,137.38999938964844,280.9489440917969,111.63223266601562,71.06230926513672,53.208675384521484
2019-11-11,137.05999755859375,280.4124450683594,111.7066879272461,71.21833801269531,52.88536834716797
2019-11-12,137.42999267578125,281.0035095214844,112.2197036743164,70.68003845214844,52.156070709228516
2019-11-13,137.97999572753906,281.0945739746094,112.94790649414062,71.32754516601562,51.72751998901367
2019-11-14,138.55999755859375,281.5036315917969,114.11458587646484,71.88143920898438,51.50196075439453
2019-11-15,138.2100067138672,283.5408020019531,113.990478515625,72.2715072631836,52.0207405090332
2019-11-18,138.6199951171875,283.7499084472656,114.1972885131836,72.62255859375,51.516998291015625
2019-11-19,138.69000244140625,283.6681213378906,115.1489486694336,72.74739837646484,50.99069595336914
2019-11-20,138.75999450683594,282.6131591796875,116.34041595458984,72.70838165283203,51.14858627319336
2019-11-21,138.0,282.1584777832031,115.61229705810547,71.6864013671875,52.381622314453125
2019-11-22,137.74000549316406,282.78594970703125,115.76123046875,71.42118072509766,52.156070709228516
2019-11-25,137.0800018310547,284.9775390625,116.1004867553711,71.64739227294922,51.81022262573242
2019-11-26,137.74000549316406,285.623291015625,116.77902221679688,72.59916687011719,51.682403564453125
2019-11-27,137.00999450683594,286.8964538574219,116.43972778320312,72.94244384765625,51.6523323059082
2019-11-29,137.86000061035156,285.8323974609375,116.19155883789062,72.60696411132812,51.2237663269043
2019-12-02,137.7899932861328,283.4044494628906,114.64236450195312,71.5069808959961,51.441802978515625
2019-12-03,139.11000061035156,281.5036315917969,117.04611206054688,71.96723937988281,51.03580093383789
2019-12-04,138.9199981689453,283.2406311035156,115.87735748291016,72.26371765136719,51.6147346496582
2019-12-05,139.0,283.7499084472656,115.31375885009766,72.30271911621094,51.434295654296875
2019-12-06,137.6199951171875,286.34173583984375,114.67549896240234,72.45094299316406,52.26133728027344
2019-12-09,137.5800018310547,285.4414367675781,114.92413330078125,72.59135437011719,52.37411117553711
2019-12-10,137.97000122070312,285.123046875,114.93241119384766,72.17008972167969,51.92300033569336
2019-12-11,138.9199981689453,285.9324951171875,115.83589935302734,71.43675994873047,51.847816467285156
2019-12-12,138.42999267578125,288.3968505859375,113.92951202392578,70.46939849853516,52.88536834716797
2019-12-13,139.0500030517578,288.5697021484375,115.2474136352539,70.48500061035156,52.05081558227539
2019-12-16,139.0399932861328,290.5521545410156,114.21129608154297,70.9920883178711,52.62974548339844
2019-12-17,139.00999450683594,290.6158752441406,114.0538101196289,70.3211898803711,52.38914108276367
2019-12-18,139.02000427246094,290.6340026855469,113.1172103881836,71.17826843261719,52.532005310058594
2019-12-19,139.3800048828125,291.82537841796875,113.29817962646484,71.80906677246094,52.17110061645508
2019-12-20,139.52000427246094,293.104736328125,113.44764709472656,72.20333099365234,52.58462142944336
2019-12-23,139.9499969482422,293.5525207519531,113.28157043457031,71.84062194824219,52.847774505615234
2019-12-24,141.27000427246094,293.5616760253906,113.60539245605469,72.02986907958984,52.644771575927734
2019-12-26,142.3800048828125,295.12445068359375,113.87933349609375,72.34525299072266,52.72747802734375
2019-12-27,142.3300018310547,295.05133056640625,114.00389862060547,72.5739517211914,52.54703140258789
2019-12-30,142.6300048828125,293.4245910644531,113.58879089355469,72.6448974609375,52.2387809753418
2019-12-31,142.89999389648438,294.1374206542969,112.47628784179688,73.16531372070312,52.46433639526367
2020-01-02,143.9499969482422,296.8882141113281,113.74650573730469,72.30584716796875,53.30641174316406
2020-01-03,145.86000061035156,294.64007568359375,115.49824523925781,72.75526428222656,52.87785339355469
2020-01-06,147.38999938964844,295.7640380859375,114.84233856201172,72.8420181274414,53.28385925292969
2020-01-07,147.97000122070312,294.93255615234375,114.27780151367188,72.02986907958984,52.847774505615234
2020-01-08,146.86000061035156,296.50439453125,113.52236938476562,72.25064849853516,52.05081558227539
2020-01-09,146.02999877929688,298.5148620605469,113.92082214355469,72.2112045288086,52.44929122924805
2020-01-10,146.91000366210938,297.65582275390625,114.93372344970703,72.76316833496094,51.983150482177734
2020-01-13,145.82000732421875,299.7028503417969,114.58502960205078,73.63841247558594,52.4793701171875
2020-01-14,145.69000244140625,299.24603271484375,115.1744155883789,73.36243438720703,52.02824783325195
2020-01-15,146.5399932861328,299.9222412109375,115.938232421875,74.0247802734375,51.945552825927734
2020-01-16,146.30999755859375,302.4170837402344,115.57292938232422,74.61618041992188,51.74254608154297
2020-01-17,146.5800018310547,303.3583679199219,114.58502960205078,74.6871337890625,51.54706954956055
2020-01-21,146.74000549316406,302.76434326171875,115.7887954711914,75.39678192138672,50.81026077270508
2020-01-22,146.7899932861328,302.8009338378906,116.19561004638672,74.89215087890625,50.51702880859375
2020-01-23,147.1199951171875,303.1481628417969,117.00918579101562,75.52294921875,50.20124435424805
2020-01-24,147.97999572753906,300.45233154296875,117.9556655883789,75.26273345947266,49.8629150390625
2020-01-27,148.99000549316406,295.6361389160156,119.79043579101562,74.9000244140625,48.67498779296875
2020-01-28,147.66000366210938,298.7342224121094,118.85223388671875,75.19965362548828,48.607330322265625
2020-01-29,148.4600067138672,298.4874572753906,120.01451873779297,74.9236831665039,48.201324462890625
2020-01-30,148.47000122070312,299.4561462402344,120.03116607666016,74.9788589477539,48.712589263916016
2020-01-31,149.3300018310547,294.01861572265625,121.1270523071289,74.064208984375,46.70513153076172
2020-02-03,148.36000061035156,296.2027893066406,121.02887725830078,74.30863952636719,45.660057067871094
2020-02-04,146.42999267578125,300.71722412109375,119.39900207519531,75.073486328125,45.088653564453125
2020-02-05,146.61000061035156,304.19000244140625,118.0934066772461,75.12081146240234,47.16377258300781
2020-02-06,147.39999389648438,305.2135314941406,118.6256332397461,75.37313079833984,46.52469253540039
2020-02-07,147.7899932861328,303.5867919921875,120.10584259033203,75.35734558105469,46.2164306640625
2020-02-10,148.1699981689453,305.8531799316406,120.43846130371094,76.2010498046875,45.72833251953125
2020-02-11,147.66000366210938,306.38330078125,119.83143615722656,76.77666473388672,46.16303634643555
2020-02-12,147.5399932861328,308.357177734375,119.22439575195312,77.23397064208984,46.7274055480957
2020-02-13,148.3800048828125,308.02825927734375,119.68170928955078,77.69921875,46.468109130859375
2020-02-14,149.0,308.5216979980469,120.20564270019531,78.50348663330078,46.25455856323242
2020-02-18,150.91000366210938,307.7266540527344,121.02887725830078,78.41676330566406,45.66732406616211
2020-02-19,151.7899932861328,309.19793701171875,121.02056884765625,77.36016845703125,46.01814270019531
2020-02-20,152.41000366210938,307.92767333984375,121.96858978271484,78.28268432617188,45.65206527709961
2020-02-21,154.6999969482422,304.7565612792969,123.1078872680664,78.51136779785156,45.095333099365234
2020-02-24,156.08999633789062,294.649169921875,124.94562530517578,77.43900299072266,42.98280715942383
2020-02-25,153.3000030517578,285.720703125,125.61096954345703,75.34159851074219,41.335487365722656
2020-02-26,153.97000122070312,284.6698303222656,124.94562530517578,74.52942657470703,40.427940368652344
2020-02-27,154.0,271.8847351074219,126.3011703491211,70.56324768066406,37.995086669921875
2020-02-28,148.3800048828125,270.7424621582031,129.1534881591797,68.8600845336914,39.23057556152344
2020-03-02,149.1999969482422,282.46734619140625,128.20326232910156,71.80120849609375,41.0914421081543
2020-03-03,153.88999938964844,274.3795471191406,130.19366455078125,71.63561248779297,39.123809814453125
2020-03-04,154.16000366210938,285.9125671386719,128.8112030029297,74.34017944335938,39.97796630859375
2020-03-05,157.49000549316406,276.4083251953125,132.0175018310547,72.74740600585938,38.21626281738281
2020-03-06,157.5500030517578,271.83905029296875,138.88821411132812,71.49366760253906,36.37065124511719
2020-03-09,157.80999755859375,250.60992431640625,142.65252685546875,65.9820556640625,31.924419403076172
2020-03-10,154.47999572753906,263.57769775390625,135.34048461914062,68.76969909667969,33.10652542114258
2020-03-11,153.92999267578125,250.72865295410156,130.36016845703125,64.63748931884766,32.015933990478516
2020-03-12,147.7899932861328,226.73968505859375,131.16802978515625,58.08948516845703,28.355228424072266
2020-03-13,143.27999877929688,246.12281799316406,128.20326232910156,63.159400939941406,29.072118759155273
2020-03-16,141.63999938964844,219.19119262695312,136.50636291503906,51.962677001953125,26.303709030151367
2020-03-17,143.55999755859375,231.02574157714844,127.40373992919922,54.96648406982422,28.073049545288086
2020-03-18,140.6999969482422,219.32823181152344,120.21653747558594,49.73763656616211,25.258880615234375
2020-03-19,138.0399932861328,219.79432678222656,123.48958587646484,49.91246795654297,26.257949829101562
2020-03-20,140.11000061035156,210.32241821289062,132.77540588378906,47.42517852783203,24.969078063964844
2020-03-23,146.3000030517578,204.9449005126953,138.24693298339844,45.2239875793457,23.985254287719727
2020-03-24,153.39999389648438,223.5135498046875,135.67359924316406,49.29262924194336,27.028217315673828
2020-03-25,151.3000030517578,226.8595733642578,135.3654022216797,51.94678497314453,28.439123153686523
2020-03-26,153.24000549316406,240.1058807373047,136.03170776367188,55.610164642333984,29.60597038269043
2020-03-27,152.25,232.95419311523438,139.66268920898438,55.66579055786133,28.179813385009766
2020-03-30,152.9199981689453,240.51954650878906,138.51348876953125,56.881622314453125,28.599273681640625
2020-03-31,148.0500030517578,236.9344940185547,137.3890838623047,55.50686264038086,28.957719802856445
2020-04-01,149.4499969482422,226.27125549316406,139.31399536132812,51.859375,28.622154235839844
2020-04-02,151.89999389648438,231.49256896972656,140.19818115234375,52.03420639038086,30.810949325561523
2020-04-03,152.64999389648438,228.14654541015625,140.53172302246094,51.27927780151367,29.903404235839844
2020-04-06,156.8800048828125,243.4702606201172,140.16477966308594,55.077735900878906,30.864343643188477
2020-04-07,156.0399932861328,243.71847534179688,138.69691467285156,55.586307525634766,31.451580047607422
2020-04-08,154.64999389648438,251.89976501464844,137.68775939941406,59.37683868408203,33.44208908081055
2020-04-09,158.69000244140625,255.7329864501953,137.93795776367188,62.70647430419922,32.89298629760742
2020-04-13,161.41000366210938,253.39805603027344,136.67864990234375,60.068180084228516,32.610801696777344
2020-04-14,162.67999267578125,260.87158203125,136.64520263671875,61.752864837646484,32.35913848876953
2020-04-15,161.85000610351562,255.32850646972656,140.26487731933594,59.30531311035156,30.87196922302246
2020-04-16,161.7100067138672,256.5603332519531,141.85789489746094,58.6298713684082,29.857646942138672
2020-04-17,158.57000732421875,263.4913330078125,139.95623779296875,60.48142623901367,32.96162033081055
2020-04-20,159.6999969482422,258.8492126464844,141.082275390625,58.2325439453125,31.405818939208984
2020-04-21,158.61000061035156,250.98971557617188,142.858642578125,57.175621032714844,31.23802947998047
2020-04-22,161.72999572753906,256.5603332519531,141.39907836914062,58.049766540527344,32.130340576171875
2020-04-23,163.33999633789062,256.5418701171875,142.14976501464844,57.56503677368164,33.137027740478516
2020-04-24,162.63999938964844,260.1177062988281,142.48336791992188,57.811363220214844,33.3505744934082
2020-04-27,161.55999755859375,263.8682861328125,139.83111572265625,59.79007339477539,33.510719299316406
2020-04-28,160.83999633789062,262.65484619140625,141.44082641601562,60.28276062011719,34.29625701904297
2020-04-29,161.72999572753906,269.5307922363281,140.7068634033203,61.188655853271484,36.19524383544922
2020-04-30,158.8000030517578,267.02130126953125,139.0637969970703,60.48142623901367,35.440223693847656
2020-05-01,159.77999877929688,259.9522705078125,140.2547149658203,58.439144134521484,32.900611877441406
2020-05-04,160.33999633789062,260.6693115234375,139.59498596191406,58.15306854248047,34.22761154174805
2020-05-05,161.02000427246094,263.0776672363281,138.70140075683594,58.439144134521484,34.189483642578125
2020-05-06,158.9499969482422,261.2943420410156,136.46336364746094,57.39019775390625,33.548858642578125
2020-05-07,161.38999938964844,264.44744873046875,138.74313354492188,58.20869064331055,33.73951721191406
2020-05-08,160.4199981689453,268.8228759765625,136.9394073486328,59.59141540527344,35.219058990478516
2020-05-11,159.4199981689453,268.8781433105469,135.8704833984375,58.7252197265625,34.883487701416016
2020-05-12,160.0399932861328,263.51898193359375,137.26507568359375,56.055171966552734,34.3004150390625
2020-05-13,161.5800018310547,258.8584289550781,138.22543334960938,54.696311950683594,32.59783935546875
2020-05-14,163.00999450683594,261.9562683105469,139.5783233642578,54.887020111083984,32.88548278808594
2020-05-15,163.92999267578125,263.1603698730469,139.21923828125,54.67247772216797,32.652252197265625
2020-05-18,162.69000244140625,271.1761779785156,136.1627655029297,57.906734466552734,35.24888229370117
2020-05-19,164.25999450683594,268.3908996582031,136.672119140625,57.12794494628906,34.16047286987305
2020-05-20,164.64999389648438,272.9503173828125,137.08135986328125,57.63654327392578,35.272216796875
2020-05-21,162.25,271.06585693359375,137.42372131347656,57.68421173095703,34.642478942871094
2020-05-22,163.2100067138672,271.5806579589844,138.25048828125,58.462989807128906,34.673580169677734
2020-05-26,160.88999938964844,274.92669677734375,136.3965606689453,60.64828872680664,35.69202423095703
2020-05-27,161.17999267578125,279.0173034667969,136.14602661132812,61.85617446899414,35.94858169555664
2020-05-28,161.72000122070312,278.5026550292969,135.64500427246094,62.150211334228516,35.01564407348633
2020-05-29,162.91000366210938,279.7435607910156,136.61366271972656,61.53036117553711,35.34994888305664
2020-06-01,163.66000366210938,280.874267578125,135.69387817382812,62.952796936035156,35.97966766357422
2020-06-02,162.60000610351562,283.1999206542969,135.2005615234375,63.461368560791016,36.78043746948242
2020-06-03,159.60000610351562,286.96881103515625,133.40280151367188,65.49571228027344,38.2808837890625
2020-06-04,161.27999877929688,286.2150573730469,131.4712677001953,64.84408569335938,38.17203903198242
2020-06-05,158.00999450683594,293.550537109375,130.53472900390625,67.29957580566406,41.266231536865234
2020-06-08,159.72000122070312,297.098876953125,131.03640747070312,68.9683609008789,42.55677032470703
2020-06-09,161.25999450683594,294.8835144042969,132.52476501464844,67.82405853271484,41.608299255371094
2020-06-10,163.57000732421875,293.238037109375,134.4898223876953,66.09963989257812,39.3770637512207
2020-06-11,162.38999938964844,276.3331298828125,137.03182983398438,61.85617446899414,35.90193557739258
2020-06-12,162.6199951171875,279.6424865722656,135.7106475830078,64.07324981689453,36.67158508300781
2020-06-15,162.3300018310547,282.2530822753906,135.7858428955078,64.97920227050781,36.64826583862305
2020-06-16,162.25,287.68572998046875,133.7038116455078,66.2585678100586,37.47234344482422
2020-06-17,162.55999755859375,286.4908142089844,134.25567626953125,65.29703521728516,36.25178527832031
2020-06-18,162.24000549316406,286.60107421875,135.67715454101562,64.58184051513672,36.47722625732422
2020-06-19,164.02999877929688,284.9632263183594,135.7858428955078,63.6441535949707,35.746437072753906
2020-06-22,165.08999633789062,286.791259765625,135.8026885986328,63.58056640625,36.0885124206543
2020-06-23,166.47999572753906,288.111572265625,134.87442016601562,63.3183479309082,36.30619812011719
2020-06-24,165.89999389648438,280.7622375488281,136.32098388671875,61.51448440551758,34.59584426879883
2020-06-25,165.8000030517578,283.7720947265625,136.71397399902344,62.30015182495117,35.116722106933594
2020-06-26,166.5399932861328,277.0321350097656,138.1773223876953,61.10437774658203,33.91169357299805
2020-06-29,166.6300048828125,281.1038513183594,137.74253845214844,62.28410720825195,34.45590591430664
2020-06-30,167.3699951171875,284.70465087890625,137.07357788085938,63.02242660522461,34.766876220703125
2020-07-01,166.6199951171875,286.6989440917969,136.80735778808594,64.4749755859375,33.98167037963867
2020-07-02,166.97999572753906,288.27777099609375,136.94973754882812,64.2904052734375,34.269317626953125
2020-07-06,167.97999572753906,292.72808837890625,136.38880920410156,64.25829315185547,34.51032257080078
2020-07-07,169.0399932861328,289.7088928222656,138.305908203125,62.982295989990234,33.61627197265625
2020-07-08,170.08999633789062,291.92474365234375,137.75332641601562,62.89402770996094,33.53852844238281
2020-07-09,169.6300048828125,290.2628173828125,139.94667053222656,62.50077438354492,32.15469741821289
2020-07-10,169.19000244140625,293.2265625,139.24346923828125,62.693382263183594,33.1575813293457
2020-07-13,169.39999389648438,290.6875305175781,139.70391845703125,61.947021484375,33.16536331176758
2020-07-14,170.19000244140625,294.4545593261719,139.90484619140625,62.46867752075195,34.261539459228516
2020-07-15,170.33999633789062,297.1597900390625,139.2518768310547,63.07859420776367,34.69690704345703
2020-07-16,168.72999572753906,296.18115234375,139.91326904296875,62.324214935302734,34.424800872802734
2020-07-17,170.1199951171875,297.03973388671875,139.6201934814453,63.134769439697266,33.833953857421875
2020-07-20,170.94000244140625,299.44036865234375,139.96343994140625,62.380401611328125,33.04097366333008
2020-07-21,173.0,300.0773620605469,140.04714965820312,62.53287887573242,34.71245193481445
2020-07-22,175.6300048828125,301.7854309082031,140.46572875976562,63.487876892089844,33.903926849365234
2020-07-23,177.17999267578125,298.18463134765625,142.10658264160156,63.22305679321289,33.97389221191406
2020-07-24,178.6999969482422,296.2641906738281,142.09812927246094,62.75758361816406,33.76398849487305
2020-07-27,182.22999572753906,298.4246520996094,141.57080078125,63.35144805908203,34.261539459228516
2020-07-28,183.75,296.5318908691406,142.55027770996094,64.6114273071289,33.857269287109375
2020-07-29,185.1300048828125,300.17889404296875,142.3074951171875,65.86336517333984,34.230438232421875
2020-07-30,183.75999450683594,299.10797119140625,143.24510192871094,65.43800354003906,32.55119323730469
2020-07-31,185.42999267578125,301.4715576171875,143.15301513671875,65.3176498413086,32.71444320678711
2020-08-03,185.63999938964844,303.5673828125,142.43222045898438,64.45092010498047,32.84660720825195
2020-08-04,189.58999633789062,304.7400207519531,143.78994750976562,65.41395568847656,33.795082092285156
2020-08-05,191.35000610351562,306.6326904296875,142.53277587890625,65.08490753173828,34.09049606323242
2020-08-06,193.88999938964844,308.68243408203125,143.32899475097656,65.18924713134766,33.927242279052734
2020-08-07,190.80999755859375,308.9040222167969,142.3735809326172,66.12017822265625,33.771759033203125
2020-08-10,190.14999389648438,309.8273010253906,141.7366485595703,66.2245101928711,34.60361099243164
2020-08-11,179.94000244140625,307.26971435546875,140.05198669433594,65.26950073242188,34.96123504638672
2020-08-12,179.10000610351562,311.5538330078125,138.7781982421875,65.92757415771484,34.953311920166016
2020-08-13,183.3300018310547,310.99066162109375,137.29481506347656,65.11701202392578,34.097110748291016
2020-08-14,182.5399932861328,310.9998779296875,136.75840759277344,65.12503814697266,34.24773406982422
2020-08-17,186.5,311.9877624511719,137.10206604003906,65.65470886230469,33.80379104614258
2020-08-18,188.17999267578125,312.6618347167969,138.0825958251953,65.34171295166016,33.637306213378906
2020-08-19,182.24000549316406,311.35992431640625,137.21942138671875,64.19412994384766,33.264705657958984
2020-08-20,183.5,312.32940673828125,138.45974731445312,64.80402374267578,32.757328033447266
2020-08-21,182.02999877929688,313.4374084472656,139.28941345214844,64.90837860107422,32.511573791503906
2020-08-24,181.0,316.6134338378906,139.0630645751953,65.32568359375,33.470829010009766
2020-08-25,181.22000122070312,317.72137451171875,137.9988250732422,65.49419403076172,32.40851593017578
2020-08-26,183.36000061035156,320.90673828125,137.47076416015625,64.89229583740234,31.71879768371582
2020-08-27,181.24000549316406,321.6083984375,135.132568359375,65.84732818603516,31.504758834838867
2020-08-28,184.38999938964844,323.68585205078125,135.03192138671875,66.28067779541016,32.25788497924805
2020-08-31,184.8300018310547,322.5131530761719,135.92877197265625,65.60655975341797,31.66330337524414
2020-09-01,185.0500030517578,325.5509033203125,137.4834747314453,65.65470886230469,31.258991241455078
2020-09-02,182.6199951171875,330.25958251953125,138.7923126220703,66.8745346069336,31.068727493286133
2020-09-03,181.13999938964844,318.8939514160156,139.18663024902344,66.07203674316406,31.00530433654785
2020-09-04,181.63999938964844,316.2902526855469,136.543701171875,65.72695922851562,30.98152732849121
2020-09-08,181.2899932861328,307.6482849121094,137.38272094726562,64.92440795898438,30.26803207397461
2020-09-09,183.0500030517578,313.72357177734375,137.01358032226562,65.5664291381836,30.0856876373291
2020-09-10,182.4600067138672,308.2762145996094,137.70997619628906,64.76388549804688,29.332557678222656
2020-09-11,182.4499969482422,308.43310546875,138.00372314453125,64.40276336669922,29.25327491760254
2020-09-14,183.88999938964844,312.4955749511719,137.9952392578125,65.97571563720703,29.063013076782227
2020-09-15,183.4499969482422,314.0744323730469,137.65966796875,66.77022552490234,28.753833770751953
2020-09-16,183.97000122070312,312.82794189453125,137.24856567382812,67.12332916259766,29.974693298339844
2020-09-17,182.9600067138672,310.07659912109375,137.66807556152344,65.81522369384766,29.966768264770508
2020-09-18,183.1999969482422,306.5067138671875,137.24014282226562,64.33055877685547,29.48318099975586
2020-09-21,179.52000427246094,303.0954895019531,137.93653869628906,62.39645767211914,28.880674362182617
2020-09-22,178.64999389648438,306.18231201171875,137.827392578125,63.14280319213867,28.167179107666016
2020-09-23,174.7899932861328,299.0816955566406,138.01205444335938,61.24081802368164,27.263423919677734
2020-09-24,175.44000244140625,299.8788757324219,138.54061889648438,61.56984329223633,27.207929611206055
2020-09-25,174.94000244140625,304.7269592285156,138.54061889648438,62.83959197998047,27.46161460876465
2020-09-28,176.6999969482422,309.7882995605469,138.14625549316406,64.12548828125,27.992773056030273
2020-09-29,178.19000244140625,308.1011962890625,138.30569458007812,63.66448974609375,27.17621421813965
2020-09-30,177.1199951171875,310.43719482421875,136.9800567626953,63.85859680175781,27.21585464477539
2020-10-01,178.6999969482422,312.4302062988281,137.20596313476562,65.13642883300781,26.264528274536133
2020-10-02,178.5399932861328,309.4638366699219,136.69358825683594,66.26056671142578,26.14560890197754
2020-10-05,179.41000366210938,314.95159912109375,134.02267456054688,66.64067840576172,26.748123168945312
2020-10-06,177.3000030517578,310.4742736816406,134.74502563476562,66.2039566040039,26.47064971923828
2020-10-07,177.22000122070312,315.8786315917969,133.76239013671875,66.30101776123047,26.557859420776367
2020-10-08,177.85000610351562,318.677978515625,134.4846649169922,67.40901184082031,27.95313262939453
2020-10-09,181.0800018310547,321.52392578125,134.45948791503906,67.1421127319336,27.540897369384766
2020-10-12,180.55999755859375,326.6964111328125,134.88787841796875,67.45753479003906,27.453689575195312
2020-10-13,177.72000122070312,324.5644226074219,135.8537139892578,66.30101776123047,27.12865447998047
2020-10-14,178.27000427246094,322.52496337890625,136.16452026367188,65.49226379394531,27.07315444946289
2020-10-15,178.9199981689453,322.12646484375,135.9292449951172,65.83195495605469,27.31098175048828
2020-10-16,178.3000030517578,321.9317626953125,135.55136108398438,65.36286926269531,27.033519744873047
2020-10-19,178.38999938964844,317.0372314453125,135.0389862060547,64.3438491821289,26.49443244934082
2020-10-20,179.25,318.3072814941406,133.7539825439453,64.80482482910156,26.71640968322754
2020-10-21,180.60000610351562,317.7047119140625,133.29200744628906,64.61072540283203,26.288312911987305
2020-10-22,178.8300018310547,319.44744873046875,131.90615844726562,64.60265350341797,27.63602638244629
2020-10-23,178.63999938964844,320.53204345703125,132.71243286132812,64.9908447265625,27.081083297729492
2020-10-26,178.5500030517578,314.60858154296875,133.94717407226562,64.06079864501953,26.43893814086914
2020-10-27,179.02000427246094,313.5240478515625,134.84584045410156,63.03368377685547,26.018766403198242
2020-10-28,176.1300048828125,302.8081359863281,134.97183227539062,61.5294075012207,25.027803421020508
2020-10-29,175.39999389648438,305.8856506347656,133.66160583496094,62.35431671142578,26.137683868408203
2020-10-30,176.1999969482422,302.69683837890625,132.3429412841797,61.94186019897461,25.86021614074707
2020-11-02,177.91000366210938,306.0896301269531,133.33425903320312,63.42186737060547,26.946317672729492
2020-11-03,178.9199981689453,311.49395751953125,132.56068420410156,64.64308166503906,26.48649787902832
2020-11-04,178.82000732421875,318.45550537109375,135.4363250732422,64.75630187988281,26.343809127807617
2020-11-05,182.92999267578125,324.66632080078125,135.671630859375,65.06363677978516,26.29623794555664
2020-11-06,183.19000244140625,324.5921936035156,134.03204345703125,64.61882019042969,25.987056732177734
2020-11-09,175.0800018310547,328.67095947265625,131.21534729003906,66.9075698852539,29.277055740356445
2020-11-10,175.66000366210938,328.18878173828125,130.45872497558594,67.88616943359375,29.926584243774414
2020-11-11,174.89999389648438,330.626953125,130.9295196533203,68.14494323730469,29.618059158325195
2020-11-12,175.9600067138672,327.4194641113281,133.1576690673828,67.25532531738281,28.60318374633789
2020-11-13,177.16000366210938,331.9524230957031,132.98109436035156,69.05077362060547,29.293302536010742
2020-11-16,177.14999389648438,336.0960693359375,132.66165161132812,69.82713317871094,30.98204231262207
2020-11-17,176.5,334.2884521484375,133.5276641845703,69.891845703125,31.396121978759766
2020-11-18,175.49000549316406,330.26531982421875,133.9144287109375,68.53313446044922,30.21074676513672
2020-11-19,175.16000366210938,331.6557922363281,134.60386657714844,68.8000259399414,30.36501121520996
2020-11-20,175.69000244140625,329.3847351074219,135.79776000976562,68.42801666259766,29.99152946472168
2020-11-23,172.22999572753906,331.3592224121094,135.1755828857422,68.5573959350586,31.956317901611328
2020-11-24,169.58999633789062,336.6986389160156,133.830322265625,68.92134857177734,34.08350372314453
2020-11-25,169.50999450683594,336.1794738769531,133.41827392578125,68.96178436279297,33.133575439453125
2020-11-27,167.7899932861328,337.11578369140625,134.71315002441406,68.65445709228516,32.63019561767578
2020-11-30,166.6699981689453,335.623291015625,134.5450439453125,67.93465423583984,30.95769500732422
2020-12-01,170.17999267578125,339.2940979003906,132.56118774414062,68.80812072753906,31.25809669494629
2020-12-02,171.4600067138672,340.0079345703125,131.5091552734375,68.26627349853516,32.42722702026367
2020-12-03,172.80999755859375,339.9151916503906,132.56961059570312,68.84046936035156,32.64643859863281
2020-12-04,172.32000732421875,342.84442138671875,130.62538146972656,69.891845703125,33.839927673339844
2020-12-07,174.88999938964844,342.13995361328125,131.80374145507812,69.2852554321289,33.2066535949707
2020-12-08,175.5,343.1411437988281,132.42649841308594,69.04266357421875,34.29459762573242
2020-12-09,172.5,340.0635070800781,131.98887634277344,68.61402130126953,34.7492561340332
2020-12-10,172.1699981689453,339.9523010253906,133.1587371826172,68.3147964477539,35.731658935546875
2020-12-11,172.49000549316406,339.5536804199219,133.63015747070312,68.2500991821289,35.5611572265625
2020-12-14,171.5399932861328,338.03350830078125,133.2598114013672,67.95084381103516,34.278358459472656
2020-12-15,173.94000244140625,342.60345458984375,132.813720703125,69.34188079833984,34.944114685058594
2020-12-16,174.89999389648438,343.1411437988281,132.4601287841797,69.42276763916016,35.4799690246582
2020-12-17,176.74000549316406,345.05999755859375,132.10968017578125,70.09403228759766,35.30134963989258
2020-12-18,176.44000244140625,343.68218994140625,131.7136993408203,68.68680572509766,34.692420959472656
2020-12-21,175.8800048828125,342.45330810546875,132.2361297607422,68.29861450195312,34.05914306640625
2020-12-22,174.49000549316406,341.87615966796875,132.91856384277344,68.7757797241211,33.482696533203125
2020-12-23,175.64999389648438,342.1834411621094,132.00022888183594,68.33097076416016,33.913002014160156
2020-12-24,176.35000610351562,343.5146484375,132.5225830078125,68.92918395996094,33.77498245239258
2020-12-28,175.7100067138672,346.4657287597656,132.58155822753906,69.34009552001953,33.88864517211914
2020-12-29,176.35000610351562,345.8047180175781,132.4129638671875,68.74842071533203,33.507049560546875
2020-12-30,177.6999969482422,346.29815673828125,132.69947814941406,69.12643432617188,33.77498245239258
2020-12-31,178.36000061035156,348.0576171875,132.89328002929688,69.79206085205078,33.466453552246094
2021-01-04,182.3300018310547,343.3190612792969,132.73312377929688,67.52399444580078,33.69378662109375
2021-01-05,182.8699951171875,345.6836853027344,131.74742126464844,67.62259674072266,35.317588806152344
2021-01-06,179.89999389648438,347.7503967285156,129.04287719726562,67.73764038085938,36.21879196166992
2021-01-07,179.47999572753906,352.9170837402344,127.90544128417969,67.6061782836914,36.502960205078125
2021-01-08,173.33999633789062,354.9278869628906,127.49256896972656,68.26358032226562,36.908897399902344
2021-01-11,173.0,352.53533935546875,127.2820053100586,67.3596420288086,38.029327392578125
2021-01-12,174.1199951171875,352.60980224609375,127.18091583251953,67.5157699584961,38.87369918823242
2021-01-13,173.3699951171875,353.5593566894531,128.61322021484375,68.33753204345703,39.3121223449707
2021-01-14,173.27999877929688,352.3212890625,127.4083251953125,68.74020385742188,40.84661865234375
2021-01-15,171.1300048828125,349.7518310546875,127.91383361816406,69.52909851074219,38.88181686401367
2021-01-19,172.5800018310547,352.4980773925781,128.32669067382812,69.33186340332031,39.65311813354492
2021-01-20,175.38999938964844,357.376220703125,128.453125,70.65489959716797,40.21332550048828
2021-01-21,175.27999877929688,357.70208740234375,127.5516128540039,70.31798553466797,39.0604362487793
2021-01-22,173.89999389648438,356.4359436035156,127.96446990966797,70.4823226928711,38.50834655761719
2021-01-25,174.0500030517578,357.8417053222656,129.4726104736328,71.01647186279297,38.07804489135742
2021-01-26,173.6199951171875,357.2831726074219,129.2282257080078,71.51774597167969,37.24178695678711
2021-01-27,172.52000427246094,348.551025390625,129.5568084716797,70.25223541259766,36.8195915222168
2021-01-28,172.67999267578125,351.5485534667969,128.84066772460938,70.63026428222656,37.39604568481445
2021-01-29,172.61000061035156,344.5107116699219,128.06553649902344,69.81669616699219,36.4055290222168
2021-02-01,174.22999572753906,350.24530029296875,128.21401977539062,71.4109115600586,36.470481872558594
2021-02-02,172.11000061035156,355.19781494140625,127.38738250732422,71.83824157714844,37.046932220458984
2021-02-03,171.85000610351562,355.4770812988281,126.2570571899414,71.65744018554688,38.500221252441406
2021-02-04,168.14999389648438,359.51739501953125,125.91962432861328,72.15050506591797,39.239051818847656
2021-02-05,169.80999755859375,360.932373046875,124.86518096923828,72.4052505493164,40.55433654785156
2021-02-08,171.52000427246094,363.5390319824219,125.41352844238281,72.79969024658203,42.2999153137207
2021-02-09,172.0800018310547,363.2969055175781,125.5063247680664,73.05445098876953,41.80450439453125
2021-02-10,172.7100067138672,363.1387023925781,126.34136962890625,73.44886779785156,42.209083557128906
2021-02-11,171.2100067138672,363.7252502441406,125.64971160888672,73.60501861572266,41.15221405029297
2021-02-12,170.69000244140625,365.5219421386719,124.08918762207031,73.62145233154297,41.71367263793945
2021-02-16,168.24000549316406,365.2053527832031,122.19974517822266,73.05445098876953,42.968711853027344
2021-02-17,166.3300018310547,365.28924560546875,122.97574615478516,72.96405029296875,43.63751983642578
2021-02-18,166.32000732421875,363.73455810546875,122.47809600830078,72.65178680419922,42.952213287353516
2021-02-19,167.00999450683594,363.0921630859375,120.85012817382812,73.07086944580078,43.24119567871094
2021-02-22,169.50999450683594,360.2993469238281,119.93072509765625,73.67896270751953,44.83477020263672
2021-02-23,169.1199951171875,360.7369689941406,119.58485412597656,74.13916778564453,45.45404052734375
2021-02-24,169.0,364.71197509765625,118.80038452148438,74.70616912841797,46.8164176940918
2021-02-25,165.82000732421875,355.9239501953125,116.86030578613281,73.27631378173828,46.04026794433594
2021-02-26,161.80999755859375,354.09002685546875,120.72355651855469,72.20802307128906,44.89257049560547
2021-03-01,161.52999877929688,362.6732177734375,119.12914276123047,72.52851104736328,46.5687141418457
2021-03-02,162.41000366210938,359.84320068359375,119.13762664794922,71.83001708984375,46.296234130859375
2021-03-03,160.6199951171875,355.0767822265625,117.84539794921875,71.41912841796875,46.66780471801758
2021-03-04,159.0399932861328,350.68280029296875,117.08541870117188,70.60559844970703,48.47604751586914
2021-03-05,159.13999938964844,357.1341857910156,117.3133773803711,71.37805938720703,50.3090705871582
2021-03-08,157.49000549316406,355.3560791015625,116.40132904052734,71.99436950683594,50.25953674316406
2021-03-09,160.83999633789062,360.42974853515625,118.01433563232422,72.4709701538086,49.48338317871094
2021-03-10,161.66000366210938,362.6732177734375,118.2508316040039,73.19413757324219,51.00265121459961
2021-03-11,161.52000427246094,366.3504333496094,117.39788818359375,74.04877471923828,50.622833251953125
2021-03-12,161.49000549316406,366.84381103515625,114.90650939941406,75.28961944580078,51.167781829833984
2021-03-15,162.1999969482422,369.0315246582031,115.5821304321289,76.40723419189453,49.863197326660156
2021-03-16,162.35000610351562,368.5660705566406,115.11758422851562,76.094970703125,48.80632400512695
2021-03-17,163.50999450683594,369.8228454589844,114.25621795654297,76.16069030761719,49.02099609375
2021-03-18,162.55999755859375,364.4420166015625,113.09918212890625,75.38825225830078,46.90724182128906
2021-03-19,163.24000549316406,363.76763916015625,113.80018615722656,74.36103820800781,46.64302062988281
2021-03-22,163.0,366.6724548339844,115.07538604736328,74.88697052001953,46.164127349853516
2021-03-23,161.80999755859375,363.7863464355469,116.11417388916016,74.7801284790039,45.59440231323242
2021-03-24,162.3699951171875,361.9371032714844,116.7391128540039,74.36103820800781,46.5191650390625
2021-03-25,161.77999877929688,363.97314453125,115.81863403320312,75.1181869506836,46.38705062866211
2021-03-26,162.24000549316406,369.8385314941406,115.41324615478516,76.73823547363281,47.65036392211914
2021-03-29,160.30999755859375,369.6517333984375,114.43353271484375,76.2918930053711,47.3943977355957
2021-03-30,157.57000732421875,368.671142578125,115.03314971923828,76.39107513427734,46.808162689208984
2021-03-31,159.9600067138672,370.1654357910156,114.39131164550781,75.9281997680664,46.09807205200195
2021-04-01,161.97999572753906,374.162841796875,116.28986358642578,77.30856323242188,47.386138916015625
2021-04-05,161.9199981689453,379.5332946777344,115.78247833251953,77.60610961914062,46.651283264160156
2021-04-06,163.22000122070312,379.3091735839844,116.5689468383789,77.80451202392578,46.5191650390625
2021-04-07,162.75999450683594,379.7480773925781,115.75712585449219,77.86237335205078,46.7255859375
2021-04-08,164.50999450683594,381.5506896972656,116.71272277832031,77.57305908203125,46.238441467285156
2021-04-09,163.27000427246094,384.3245849609375,116.28986358642578,77.48213195800781,46.1310920715332
2021-04-12,162.27999877929688,384.4647521972656,116.23915100097656,77.9367446899414,45.82559585571289
2021-04-13,163.42999267578125,385.60418701171875,117.11016845703125,78.3252182006836,45.99898910522461
2021-04-14,162.72000122070312,384.287353515625,116.7380599975586,77.91194915771484,47.32833480834961
2021-04-15,165.35000610351562,388.41546630859375,118.69158935546875,79.27580261230469,47.047611236572266
2021-04-16,166.35000610351562,389.7137756347656,117.769775390625,79.44937133789062,46.783382415771484
2021-04-19,165.88999938964844,387.7990417480469,117.43153381347656,79.6064224243164,46.634765625
2021-04-20,166.47999572753906,384.95977783203125,117.97274017333984,80.2593994140625,45.652198791503906
2021-04-21,168.1300048828125,388.602294921875,118.20963287353516,80.78839111328125,46.238441467285156
2021-04-22,167.0399932861328,385.0531921386719,118.72541046142578,80.3503189086914,45.63568878173828
2021-04-23,166.39999389648438,389.22802734375,118.4463882446289,80.82147979736328,45.883392333984375
2021-04-26,166.83999633789062,390.0405578613281,118.27723693847656,81.06117248535156,45.97421646118164
2021-04-27,166.4199981689453,389.9565734863281,117.24552917480469,81.05290222167969,46.57697296142578
2021-04-28,166.91000366210938,389.8445739746094,117.3216323852539,80.87930297851562,47.98063659667969
2021-04-29,166.22000122070312,392.3288879394531,116.97483825683594,81.57363891601562,48.665950775146484
2021-04-30,165.66000366210938,389.75103759765625,117.24552917480469,81.89599609375,47.262290954589844
2021-05-03,167.80999755859375,390.5917053222656,117.31581115722656,81.73893737792969,48.566871643066406
2021-05-04,166.5800018310547,388.1820068359375,118.11193084716797,81.20995330810547,48.872379302978516
2021-05-05,167.27000427246094,388.30340576171875,118.3066635131836,79.86266326904297,50.342098236083984
2021-05-06,170.05999755859375,391.404296875,118.50150299072266,80.30901336669922,50.82099533081055
2021-05-07,171.58999633789062,394.25286865234375,117.9171371459961,81.36701202392578,51.547603607177734
2021-05-10,172.11000061035156,390.3488464355469,116.72295379638672,81.34220123291016,51.67145538330078
2021-05-11,172.13999938964844,386.8651428222656,116.06238555908203,80.31724548339844,50.02833557128906
2021-05-12,170.42999267578125,378.6460266113281,114.84281921386719,78.2839126586914,50.296417236328125
2021-05-13,171.1300048828125,383.19451904296875,115.02066040039062,79.30057525634766,49.676490783691406
2021-05-14,172.69000244140625,389.0785827636719,116.09623718261719,80.24285888671875,50.907936096191406
2021-05-17,174.6999969482422,388.088623046875,115.85063171386719,80.32551574707031,52.09749221801758
2021-05-18,175.0399932861328,384.74493408203125,115.55419158935547,80.34204864501953,50.62311935424805
2021-05-19,175.16000366210938,383.7362365722656,115.27474212646484,80.08583068847656,49.4084358215332
2021-05-20,175.9600067138672,387.8644714355469,116.22330474853516,80.98676300048828,49.29114532470703
2021-05-21,176.0399932861328,387.546875,116.59590148925781,80.90411376953125,49.35816955566406
2021-05-24,176.35000610351562,391.4976501464844,117.02787017822266,81.91253662109375,49.93619155883789
2021-05-25,177.9499969482422,390.6290588378906,118.11193084716797,81.88774108886719,48.805274963378906
2021-05-26,177.63999938964844,391.404296875,117.90867614746094,82.25142669677734,49.37491226196289
2021-05-27,177.7100067138672,391.6097106933594,117.43439483642578,82.0613021850586,49.05658721923828
2021-05-28,178.3800048828125,392.3102111816406,117.24806213378906,82.55725860595703,48.897422790527344
2021-06-01,177.89999389648438,391.964599609375,117.22174072265625,84.04505920410156,50.64823913574219
2021-06-02,178.77000427246094,392.5810852050781,117.4931640625,85.0286865234375,51.05034637451172
2021-06-03,175.27000427246094,391.1240539550781,117.0521240234375,84.714599609375,51.25140380859375
2021-06-04,177.16000366210938,394.701171875,118.65510559082031,84.75591278076172,51.47757339477539
2021-06-07,177.8699951171875,394.3182678222656,118.29039764404297,85.75605773925781,51.14249801635742
2021-06-08,177.32000732421875,394.4023132324219,119.12158966064453,86.46690368652344,52.047237396240234
2021-06-09,176.97999572753906,393.81390380859375,120.17329406738281,86.58261108398438,52.482845306396484
2021-06-10,177.74000549316406,395.64453125,120.89423370361328,87.20254516601562,52.56662368774414
2021-06-11,175.74000549316406,396.29827880859375,120.69917297363281,86.85538482666016,52.08074188232422
2021-06-14,174.7100067138672,397.1855773925781,119.77462005615234,87.19426727294922,51.99696350097656
2021-06-15,174.0500030517578,396.4571533203125,119.63050079345703,86.26024627685547,53.89021301269531
2021-06-16,171.11000061035156,394.2435302734375,119.52867126464844,85.69819641113281,53.697532653808594
2021-06-17,165.85000610351562,394.11279296875,121.31829833984375,85.59076690673828,51.929954528808594
2021-06-18,164.92999267578125,388.796142578125,123.59977722167969,84.13599395751953,50.59798812866211
2021-06-21,166.9499969482422,394.3620910644531,121.53033447265625,85.87176513671875,52.43258285522461
2021-06-22,166.25,396.4703369140625,121.82717895507812,85.42543029785156,53.437835693359375
2021-06-23,166.13999938964844,395.9925231933594,121.51334381103516,85.2766342163086,53.831573486328125
2021-06-24,166.0399932861328,398.3350524902344,121.70841217041016,85.09266662597656,54.04936599731445
2021-06-25,166.58999633789062,399.75,120.44473266601562,85.66706085205078,54.16665267944336
2021-06-28,166.5800018310547,400.55584716796875,121.68299102783203,85.4173355102539,52.784423828125
2021-06-29,164.8300018310547,400.7713928222656,121.88652038574219,85.18425750732422,52.45771408081055
2021-06-30,165.6300048828125,401.1087951660156,122.42938232421875,84.73473358154297,52.84305953979492
2021-07-01,166.1999969482422,403.3294982910156,122.4361572265625,85.10102081298828,52.99384689331055
2021-07-02,167.2899932861328,406.4123229980469,123.17500305175781,85.35906219482422,52.91845703125
2021-07-06,168.1199951171875,405.672119140625,124.61873626708984,85.98341369628906,51.41056442260742
2021-07-07,168.75999450683594,407.1057434082031,125.72274017333984,86.28307342529297,50.60636520385742
2021-07-08,168.64999389648438,403.78863525390625,126.21528625488281,86.04166412353516,50.38018035888672
2021-07-09,169.2100067138672,408.0989990234375,124.44031524658203,87.45682525634766,51.29328918457031
2021-07-12,169.0,409.56085205078125,124.27903747558594,88.2060317993164,51.24302673339844
2021-07-13,169.22000122070312,408.16461181640625,123.32785034179688,86.9739990234375,51.00010299682617
2021-07-14,171.0399932861328,408.7737121582031,124.7291488647461,87.58169555664062,49.86917495727539
2021-07-15,171.07000732421875,407.37750244140625,126.10491943359375,87.72320556640625,49.38329315185547
2021-07-16,169.41000366210938,404.18218994140625,125.86711883544922,87.66492462158203,48.017822265625
2021-07-19,169.61000061035156,398.21331787109375,128.62718200683594,86.0666275024414,46.367523193359375
2021-07-20,169.38999938964844,403.9198303222656,127.38726043701172,88.09780883789062,46.87852478027344
2021-07-21,168.75999450683594,407.19012451171875,125.77368927001953,88.0895004272461,48.386417388916016
2021-07-22,169.08999633789062,408.04278564453125,126.96263885498047,87.39024353027344,47.84190368652344
2021-07-23,168.55999755859375,412.24078369140625,126.1134033203125,88.11445617675781,47.783267974853516
2021-07-26,168.16000366210938,413.2527770996094,125.73975372314453,88.15608978271484,48.98957061767578
2021-07-27,168.44000244140625,411.3692932128906,127.08151245117188,88.6555404663086,48.44506072998047
2021-07-28,169.2899932861328,411.20068359375,127.0899887084961,88.34754943847656,48.77177047729492
2021-07-29,171.1699981689453,412.906005859375,126.38516235351562,88.36418914794922,49.36654281616211
2021-07-30,169.82000732421875,410.90081787109375,126.97967529296875,88.48072052001953,48.22724914550781
2021-08-02,169.61000061035156,410.03875732421875,128.11224365234375,88.28926086425781,48.23563003540039
2021-08-03,169.49000549316406,413.37451171875,128.18019104003906,88.39749908447266,48.755008697509766
2021-08-04,169.52999877929688,411.3411560058594,128.44384765625,88.12278747558594,47.615718841552734
2021-08-05,168.86000061035156,413.9461364746094,127.78910064697266,89.1550064086914,47.917301177978516
2021-08-06,164.63999938964844,414.6302185058594,125.65493774414062,88.99685668945312,48.47019577026367
2021-08-09,161.72000122070312,414.2928771972656,125.20421600341797,88.52234649658203,47.917301177978516
2021-08-10,161.77000427246094,414.80816650390625,124.62602233886719,87.68157958984375,48.738258361816406
2021-08-11,164.0,415.8390808105469,124.54948425292969,88.19769287109375,48.88066864013672
2021-08-12,164.0399932861328,417.0851745605469,124.34544372558594,88.38916778564453,48.77012252807617
2021-08-13,166.38999938964844,417.84429931640625,126.30960845947266,88.87199401855469,48.276893615722656
2021-08-16,167.22000122070312,418.828125,126.61570739746094,88.76377868652344,47.5710563659668
2021-08-17,166.97000122070312,416.0826110839844,126.56466674804688,88.67219543457031,47.24790954589844
2021-08-18,167.10000610351562,411.5285949707031,126.98989868164062,87.86470794677734,46.25295639038086
2021-08-19,166.61000061035156,412.16571044921875,127.9251708984375,88.28926086425781,44.84129333496094
2021-08-20,166.6999969482422,415.4454040527344,128.01014709472656,88.73046875,44.849796295166016
2021-08-23,168.72999572753906,419.09991455078125,127.9251708984375,88.56397247314453,46.695159912109375
2021-08-24,168.64999389648438,419.76513671875,126.93023681640625,88.1727294921875,47.07783889770508
2021-08-25,167.47999572753906,420.6459655761719,125.8759536743164,88.11445617675781,47.162864685058594
2021-08-26,167.6699981689453,418.1628723144531,126.22454833984375,88.14774322509766,46.52507019042969
2021-08-27,170.19000244140625,421.9017028808594,127.08336639404297,89.07176971435547,47.42649459838867
2021-08-30,169.35000610351562,423.7569274902344,127.41500854492188,89.96249389648438,46.90774917602539
2021-08-31,169.69000244140625,423.1291198730469,126.54762268066406,90.38701629638672,46.363502502441406
2021-09-01,169.6999969482422,423.35400390625,126.75967407226562,91.83550262451172,45.725711822509766
2021-09-02,169.25,424.6565856933594,127.31303405761719,92.31830596923828,46.8397216796875
2021-09-03,171.05999755859375,424.553466796875,126.15519714355469,92.33495330810547,46.661136627197266
2021-09-07,167.7100067138672,423.0354309082031,125.09098052978516,91.29440307617188,46.38901138305664
2021-09-08,167.2899932861328,422.5200500488281,125.94234466552734,91.75225067138672,45.963809967041016
2021-09-09,168.02999877929688,420.7116394042969,127.46625518798828,89.88758087158203,45.997833251953125
2021-09-10,167.17999267578125,417.39447021484375,126.34246826171875,88.57231140136719,45.904293060302734
2021-09-13,167.74000549316406,418.4626159667969,127.10872650146484,89.1716537475586,47.086334228515625
2021-09-14,168.82000732421875,416.2044372558594,128.64964294433594,89.01349639892578,46.41452407836914
2021-09-15,167.8300018310547,419.6808166503906,128.19845581054688,89.2965316772461,47.979248046875
2021-09-16,164.02999877929688,419.01556396484375,127.61105346679688,89.3714599609375,47.46900939941406
2021-09-17,163.77000427246094,414.93389892578125,126.99803161621094,88.57231140136719,46.90774917602539
2021-09-20,164.94000244140625,408.0151672363281,128.57310485839844,88.03121948242188,45.65766906738281
2021-09-21,166.0399932861328,407.6297912597656,128.46240234375,88.07282257080078,45.615150451660156
2021-09-22,165.4199981689453,411.6061706542969,129.2285919189453,88.93025207519531,46.95027542114258
2021-09-23,163.50999450683594,416.60711669921875,126.30846405029297,88.75544738769531,48.54051208496094
2021-09-24,163.3000030517578,417.2933654785156,125.07395935058594,87.80643463134766,48.97420883178711
2021-09-27,163.63999938964844,416.09954833984375,124.61418914794922,86.62540435791016,50.428382873535156
2021-09-28,162.0500030517578,407.71435546875,122.673095703125,86.03907775878906,50.955631256103516
2021-09-29,161.32000732421875,408.40057373046875,122.88593292236328,86.68402862548828,50.92161560058594
2021-09-30,164.22000122070312,403.40899658203125,122.86891174316406,85.25172424316406,50.020198822021484
2021-10-01,164.58999633789062,408.20318603515625,123.9029541015625,86.4578857421875,51.81452560424805
2021-10-04,165.36000061035156,402.9389343261719,123.5875473022461,86.47463989257812,52.4863395690918
2021-10-05,164.58999633789062,407.131591796875,122.39412689208984,85.87992858886719,52.40130615234375
2021-10-06,165.02999877929688,408.8235778808594,123.08458709716797,86.70079803466797,51.440364837646484
2021-10-07,164.16000366210938,412.3581848144531,121.79741668701172,86.93531036376953,51.58492660522461
2021-10-08,164.22999572753906,411.6061706542969,120.94498443603516,86.11446380615234,52.87752151489258
2021-10-11,163.9199981689453,408.6262512207031,120.63804626464844,86.33222198486328,52.350284576416016
2021-10-12,164.66000366210938,407.6203918457031,122.7010498046875,87.46300506591797,52.07814407348633
2021-10-13,167.58999633789062,409.0868225097656,123.89440155029297,88.0995864868164,51.933589935302734
2021-10-14,168.0,415.9678955078125,124.3547134399414,89.17171478271484,52.72444534301758
2021-10-15,165.3300018310547,419.13592529296875,123.63018035888672,89.10472869873047,53.22618865966797
2021-10-18,164.9199981689453,420.376708984375,124.2098159790039,89.33087158203125,53.200679779052734
2021-10-19,165.4499969482422,423.6198425292969,122.4964370727539,89.37273406982422,54.00004577636719
2021-10-20,166.89999389648438,425.28369140625,121.66954803466797,90.77992248535156,54.29767608642578
2021-10-21,166.75,426.3929748535156,121.52464294433594,90.90558624267578,53.31122970581055
2021-10-22,167.77000427246094,425.951171875,122.86297607421875,91.33277130126953,53.67688751220703
2021-10-25,168.92999267578125,428.2354431152344,122.67540740966797,91.62592315673828,54.72286605834961
2021-10-26,167.67999267578125,428.6209716796875,123.68977355957031,91.87720489501953,55.989959716796875
2021-10-27,168.1199951171875,426.72198486328125,125.94033813476562,91.09823608398438,54.535797119140625
2021-10-28,168.0800018310547,430.8393859863281,125.51406860351562,92.37139129638672,54.68885803222656
2021-10-29,166.64999389648438,431.713623046875,125.89764404296875,91.33277130126953,54.82492446899414
2021-11-01,167.52000427246094,432.4562683105469,124.99124145507812,91.78507232666016,55.81137466430664
2021-11-02,167.16000366210938,434.2047119140625,125.54603576660156,92.22061157226562,55.122562408447266
2021-11-03,165.77000427246094,436.8555908203125,124.24864196777344,92.5305404663086,54.365718841552734
2021-11-04,167.64999389648438,438.9144287109375,125.5545425415039,91.65106201171875,54.77390670776367
2021-11-05,169.83999633789062,440.4371643066406,127.4323501586914,92.12012481689453,55.29263687133789
2021-11-08,170.4499969482422,440.8132629394531,127.193359375,92.04472351074219,55.8879280090332
2021-11-09,171.2899932861328,439.3561096191406,128.84918212890625,92.2038803100586,56.43217849731445
2021-11-10,173.14999389648438,435.821533203125,126.49346160888672,91.77668762207031,55.32041931152344
2021-11-11,174.1199951171875,435.96258544921875,126.3056411743164,91.92745971679688,55.42383575439453
2021-11-12,174.4499969482422,439.2527160644531,125.75089263916016,91.86044311523438,55.00155258178711
2021-11-15,174.17999267578125,439.4031677246094,124.17182922363281,92.50541687011719,55.47555160522461
2021-11-16,172.9199981689453,441.1422119140625,123.85601043701172,91.89395141601562,56.035728454589844
2021-11-17,174.5,440.070556640625,124.8375473022461,92.17874908447266,55.42383575439453
2021-11-18,173.94000244140625,441.5653076171875,125.30699920654297,92.19548797607422,54.8205680847168
2021-11-19,172.61000061035156,440.775634765625,126.63001251220703,91.65106201171875,52.28680419921875
2021-11-22,168.74000549316406,439.5347900390625,125.14480590820312,91.19873046875,53.01073455810547
2021-11-23,167.27999877929688,440.1176452636719,123.33539581298828,91.93582153320312,54.40688705444336
2021-11-24,167.1199951171875,441.2926330566406,125.31552124023438,93.04985046386719,54.70853042602539
2021-11-26,166.85000610351562,431.450439453125,128.482177734375,90.46166229248047,52.786659240722656
2021-11-29,166.6199951171875,436.74285888671875,127.44940948486328,91.1317367553711,53.07968521118164
2021-11-30,165.5,428.244873046875,129.38690185546875,89.40625,51.57149887084961
2021-12-01,166.16000366210938,423.4882507324219,130.1851348876953,87.93206024169922,51.52840042114258
2021-12-02,165.24000549316406,429.9745178222656,130.34747314453125,90.5705337524414,52.81251525878906
2021-12-03,166.6300048828125,426.23321533203125,131.9027862548828,90.26898956298828,52.47640609741211
2021-12-06,166.22000122070312,431.2812194824219,130.09103393554688,91.85206604003906,53.07106399536133
2021-12-07,166.80999755859375,440.20220947265625,129.0399169921875,93.17549896240234,53.66571807861328
2021-12-08,166.89999389648438,441.3677978515625,126.80951690673828,93.84558868408203,53.82084655761719
2021-12-09,165.8800048828125,438.38787841796875,127.51883697509766,92.48865509033203,53.958744049072266
2021-12-10,166.5800018310547,442.5146484375,127.21121978759766,92.77344512939453,54.303470611572266
2021-12-13,167.0,438.5946960449219,129.09117126464844,93.64456939697266,53.114166259765625
2021-12-14,165.44000244140625,435.5771484375,128.78358459472656,92.44677734375,53.036590576171875
2021-12-15,166.14999389648438,442.3830871582031,127.54446411132812,93.74506378173828,52.803897857666016
2021-12-16,168.16000366210938,438.4819030761719,127.59410095214844,93.71155548095703,52.890079498291016
2021-12-17,167.8000030517578,433.815185546875,129.03993225097656,93.59428405761719,51.73523712158203
2021-12-20,167.08999633789062,429.2022705078125,128.0731964111328,92.86558532714844,50.985450744628906
2021-12-21,167.02000427246094,436.8244934082031,127.58551025390625,93.91259002685547,52.14029312133789
2021-12-22,168.58999633789062,441.192138671875,128.17591857910156,94.8758316040039,52.56258773803711
2021-12-23,168.97000122070312,443.9372863769531,127.06364440917969,94.77532958984375,52.58843994140625
2021-12-27,169.3699951171875,450.219970703125,127.37165069580078,96.38427734375,53.338233947753906
2021-12-28,168.63999938964844,449.85198974609375,126.86688232421875,96.7393798828125,53.16585922241211
2021-12-29,168.58999633789062,450.4274597167969,125.48091125488281,97.390380859375,52.70047378540039
2021-12-30,169.8000030517578,449.18218994140625,126.533203125,97.8131332397461,52.39021682739258
2021-12-31,170.9600067138672,448.05023193359375,126.78130340576172,98.08369445800781,52.734954833984375
2022-01-03,168.3300018310547,450.6444091796875,123.45332336425781,97.31428527832031,54.76023483276367
2022-01-04,169.57000732421875,450.4934997558594,122.93998718261719,97.1959228515625,56.81999206542969
2022-01-05,169.05999755859375,441.843017578125,122.27266693115234,94.414306640625,57.52669143676758
2022-01-06,166.99000549316406,441.427978515625,122.5892105102539,94.49885559082031,58.8797492980957
2022-01-07,167.75,439.6828308105469,121.70802307128906,93.87319946289062,59.36236572265625
2022-01-10,168.25999450683594,439.1357116699219,122.00746154785156,93.33208465576172,59.0090217590332
2022-01-11,170.2899932861328,443.13543701171875,122.82022857666016,93.47581481933594,61.49108123779297
2022-01-12,170.74000549316406,444.33343505859375,122.349609375,93.58574676513672,61.31009292602539
2022-01-13,170.16000366210938,438.2112731933594,123.43624114990234,93.39974212646484,60.87055587768555
2022-01-14,169.6699981689453,438.390380859375,121.57115173339844,92.55427551269531,61.9392204284668
2022-01-18,169.38999938964844,430.6266784667969,119.86009979248047,91.58197021484375,62.982032775878906
2022-01-19,172.0800018310547,426.1552429199219,120.68988800048828,90.34756469726562,63.00788497924805
2022-01-20,171.64999389648438,421.4385070800781,121.43418884277344,89.18927001953125,63.14577865600586
2022-01-21,171.08999633789062,413.1654357910156,122.88007354736328,88.96943664550781,62.1977653503418
2022-01-24,172.02999877929688,414.92010498046875,121.87055969238281,89.1385269165039,62.732093811035156
2022-01-25,172.5800018310547,409.85430908203125,121.67375946044922,88.783447265625,64.57640838623047
2022-01-26,169.7899932861328,408.8260498046875,120.2022933959961,87.3968505859375,63.92142105102539
2022-01-27,167.60000610351562,406.8072509765625,122.40956115722656,85.95108795166016,64.74015045166016
2022-01-28,167.10000610351562,416.9105224609375,122.45231628417969,88.73271179199219,64.87804412841797
2022-01-31,168.08999633789062,424.4195251464844,121.81922149658203,89.82337188720703,65.46408081054688
2022-02-01,168.22999572753906,427.2872619628906,121.41487884521484,89.5020980834961,69.6611557006836
2022-02-02,168.83999633789062,431.4379577636719,121.82608032226562,90.64349365234375,69.48017120361328
2022-02-03,168.60000610351562,421.29705810546875,120.87512969970703,89.67964172363281,68.67005920410156
2022-02-04,168.86000061035156,423.278076171875,119.09314727783203,88.7918930053711,70.16100311279297
2022-02-07,170.11000061035156,421.9196472167969,119.1702651977539,88.66509246826172,71.00560760498047
2022-02-08,170.6300048828125,425.3912353515625,118.37348937988281,88.25078582763672,69.169921875
2022-02-09,171.2100067138672,431.6172180175781,118.59619140625,90.24610137939453,68.83879852294922
2022-02-10,170.55999755859375,423.8629150390625,116.71141052246094,88.11550903320312,68.17655181884766
2022-02-11,173.80999755859375,415.50494384765625,118.4420166015625,87.31231689453125,69.89315032958984
2022-02-14,174.74000549316406,414.1464538574219,116.96844482421875,86.51756286621094,68.82136535644531
2022-02-15,173.0800018310547,420.825439453125,115.64053344726562,87.29539489746094,67.95869445800781
2022-02-16,174.86000061035156,421.29705810546875,116.325927734375,87.70124816894531,68.27239227294922
2022-02-17,177.25,412.2975769042969,117.19121551513672,86.7712173461914,68.1678466796875
2022-02-18,177.1199951171875,409.62786865234375,118.42486572265625,86.24701690673828,67.40974426269531
2022-02-22,177.49000549316406,405.2319030761719,118.7332763671875,85.93417358398438,66.62550354003906
2022-02-23,178.2899932861328,398.04364013671875,117.09695434570312,84.5137939453125,66.8956298828125
2022-02-24,177.13999938964844,404.0338439941406,117.17413330078125,85.93417358398438,66.0503921508789
2022-02-25,176.5500030517578,412.948486328125,117.259765625,88.00559997558594,67.82799530029297
2022-02-28,178.3800048828125,411.89190673828125,119.82991790771484,86.69512939453125,68.3333969116211
2022-03-01,181.6199951171875,405.61865234375,121.21537017822266,86.23856353759766,68.98693084716797
2022-03-02,179.72999572753906,413.0805358886719,117.0719223022461,87.85340881347656,70.17200469970703
2022-03-03,180.8000030517578,411.0240783691406,118.2643814086914,88.57209014892578,70.61640930175781
2022-03-04,183.67999267578125,407.6846008300781,120.30604553222656,88.97789764404297,73.27409362792969
2022-03-07,186.41000366210938,395.66644287109375,119.38810729980469,87.21929168701172,75.91437530517578
2022-03-08,191.50999450683594,392.66656494140625,118.18710327148438,86.79658508300781,76.4894790649414
2022-03-09,185.82000732421875,403.1943359375,117.02899169921875,88.13241577148438,72.14131164550781
2022-03-10,186.39999389648438,401.3736267089844,115.34762573242188,88.35226440429688,74.38076782226562
2022-03-11,185.08999633789062,396.2701721191406,115.73363494873047,87.65049743652344,73.99736022949219
2022-03-14,182.3000030517578,393.3740539550781,113.0313720703125,86.96566009521484,71.3483657836914
2022-03-15,178.88999938964844,402.0245666503906,112.83406829833984,87.54905700683594,67.28775787353516
2022-03-16,180.00999450683594,410.9391174316406,113.94071960449219,88.58898162841797,67.0350570678711
2022-03-17,180.88999938964844,416.080322265625,113.09146881103516,89.95866394042969,68.82136535644531
2022-03-18,179.3000030517578,420.6376037597656,114.47257232666016,89.95866394042969,68.55123138427734
2022-03-21,180.6699981689453,420.5146179199219,111.82182312011719,89.40908813476562,71.62720489501953
2022-03-22,179.36000061035156,425.4352111816406,110.38917541503906,89.63737487792969,71.3134994506836
2022-03-23,181.80999755859375,419.956298828125,112.8083724975586,88.63168334960938,72.43757629394531
2022-03-24,183.1300048828125,426.286865234375,111.92476654052734,89.19276428222656,72.65543365478516
2022-03-25,182.3800048828125,428.3686828613281,110.3720474243164,90.30641174316406,74.2413330078125
2022-03-28,179.05999755859375,431.4156799316406,111.31568145751953,91.26701354980469,72.15874481201172
2022-03-29,179.13999938964844,436.7525939941406,112.1563720703125,93.9448471069336,71.77534484863281
2022-03-30,180.5800018310547,434.0557861328125,113.0313720703125,93.26475524902344,73.00399017333984
2022-03-31,180.64999389648438,427.37506103515625,113.3058853149414,92.12564086914062,71.96704864501953
2022-04-01,179.5,428.5863342285156,113.73722076416016,93.91935729980469,72.4288558959961
2022-04-04,180.3699951171875,432.2578430175781,112.94677734375,93.46028900146484,72.46372985839844
2022-04-05,179.24000549316406,426.79779052734375,110.39506530761719,93.001220703125,72.08902740478516
2022-04-06,179.66000366210938,422.5301513671875,109.50151062011719,94.10635375976562,72.8907241821289
2022-04-07,180.33999633789062,424.6592102050781,108.67668914794922,93.1712417602539,74.11062622070312
2022-04-08,181.47000122070312,423.52374267578125,107.4996566772461,93.32426452636719,75.67037200927734
2022-04-11,182.3699951171875,416.2847900390625,105.7984619140625,92.32113647460938,73.06497955322266
2022-04-12,183.77000427246094,414.7422790527344,105.65242767333984,92.18514251708984,74.58988952636719
2022-04-13,184.64999389648438,419.4925842285156,105.86721801757812,92.83970642089844,75.64425659179688
2022-04-14,184.0399932861328,414.2691650390625,103.74503326416016,92.44015502929688,76.53306579589844
2022-04-18,184.61000061035156,414.4394836425781,103.22953796386719,92.06611633300781,77.16044616699219
2022-04-19,181.82000732421875,421.1296691894531,102.456298828125,94.07235717773438,76.4720687866211
2022-04-20,182.7100067138672,420.8173522949219,104.51828002929688,95.63655090332031,76.64633178710938
2022-04-21,182.05999755859375,414.5246276855469,103.74503326416016,94.97348022460938,75.83594512939453
2022-04-22,180.2899932861328,403.1504821777344,103.09205627441406,93.30726623535156,74.18035125732422
2022-04-25,177.0500030517578,405.4877624511719,104.12305450439453,93.06924438476562,71.67948150634766
2022-04-26,177.32000732421875,393.7445068359375,105.1712646484375,91.53905487060547,71.70562744140625
2022-04-27,175.97999572753906,394.8515930175781,103.8223648071289,90.93549346923828,73.75334930419922
2022-04-28,176.92999267578125,404.82537841796875,103.9770278930664,92.61018371582031,75.98408508300781
2022-04-29,176.91000366210938,389.8647155761719,102.62810516357422,88.35965728759766,74.284912109375
2022-05-02,173.6300048828125,392.2115173339844,100.84918975830078,86.22591400146484,75.29571533203125
2022-05-03,174.08999633789062,394.00946044921875,101.52910614013672,87.29704284667969,76.84674835205078
2022-05-04,175.8000030517578,406.0082092285156,102.08851623535156,88.30017852783203,79.9052963256836
2022-05-05,175.1300048828125,391.5775451660156,99.29143524169922,85.94538116455078,78.69407653808594
2022-05-06,175.4199981689453,389.240234375,97.8283462524414,84.9252700805664,79.89656829833984
2022-05-09,172.8800048828125,376.7778015136719,98.6889877319336,81.1847915649414,73.59651947021484
2022-05-10,171.4199981689453,377.6483459472656,99.58406066894531,79.70561981201172,74.0844955444336
2022-05-11,172.82000732421875,371.6490478515625,101.50331115722656,79.53559875488281,75.62682342529297
2022-05-12,170.1699981689453,371.2610168457031,101.3139419555664,80.15618133544922,75.97013854980469
2022-05-13,168.7899932861328,380.1371154785156,99.8164291381836,82.27293395996094,78.22370147705078
2022-05-16,170.39999389648438,378.59466552734375,99.7131576538086,81.7543716430664,80.06356048583984
2022-05-17,169.3300018310547,386.3825378417969,98.50827026367188,82.86799621582031,81.08470916748047
2022-05-18,169.4199981689453,370.806884765625,100.60819244384766,80.46222686767578,79.79946899414062
2022-05-19,171.91000366210938,368.5357666015625,100.84918975830078,80.10517883300781,80.23081970214844
2022-05-20,172.02999877929688,368.6965637207031,101.99385070800781,80.615234375,80.86461639404297
2022-05-23,172.8300018310547,375.594970703125,100.31558227539062,81.55034637451172,82.65165710449219
2022-05-24,174.1300048828125,372.7278137207031,102.2950439453125,82.23892974853516,83.10057067871094
2022-05-25,173.0800018310547,376.020751953125,102.69957733154297,82.93600463867188,84.77317810058594
2022-05-26,172.75999450683594,383.5341796875,102.23481750488281,83.03803253173828,85.0724868774414
2022-05-27,172.85000610351562,392.9496765136719,102.48435974121094,85.26530456542969,85.90875244140625
2022-05-31,171.13999938964844,390.74481201171875,100.31558227539062,84.21966552734375,84.50908660888672
2022-06-01,172.22999572753906,387.58428955078125,100.200927734375,83.5225830078125,86.12883758544922
2022-06-02,174.35000610351562,394.9652404785156,100.25264739990234,84.67021942138672,85.97918701171875
2022-06-03,172.5800018310547,388.48321533203125,100.03710174560547,83.53959655761719,87.2292251586914
2022-06-06,171.82000732421875,389.6660461425781,98.19205474853516,83.27606201171875,87.0091323852539
2022-06-07,172.94000244140625,393.4037780761719,99.25255584716797,84.42369079589844,90.99691009521484
2022-06-08,172.77999877929688,389.12664794921875,98.37313079833984,82.47696685791016,92.07087707519531
2022-06-09,172.22999572753906,379.8721008300781,98.70075225830078,80.52172088623047,90.08140563964844
2022-06-10,174.5399932861328,368.85748291015625,98.08863067626953,78.73651123046875,88.43523406982422
2022-06-13,169.92999267578125,354.8526611328125,95.01066589355469,74.80052947998047,84.37702178955078
2022-06-14,168.57000732421875,353.7833557128906,93.81227111816406,74.23097229003906,84.59712219238281
2022-06-15,170.77000427246094,358.8270568847656,95.56246185302734,75.99067687988281,83.53194427490234
2022-06-16,172.69000244140625,346.951171875,96.32117462158203,73.99295043945312,80.45088958740234
2022-06-17,171.27000427246094,347.69915771484375,96.63155364990234,74.55400085449219,75.81168365478516
2022-06-21,170.6300048828125,356.4520263671875,94.99348449707031,75.59113311767578,80.53010559082031
2022-06-22,171.30999755859375,355.80584716796875,97.60580444335938,76.55176544189453,77.3434066772461
2022-06-23,170.25999450683594,359.2935791015625,98.40763854980469,78.0061264038086,75.0105972290039
2022-06-24,170.08999633789062,370.7170104980469,97.04539489746094,79.66582489013672,76.49832153320312
2022-06-27,169.89999389648438,369.3009338378906,96.21771240234375,79.54606628417969,78.37335968017578
2022-06-28,169.6199951171875,361.7550964355469,96.66603088378906,78.57933044433594,80.54771423339844
2022-06-29,169.49000549316406,361.46038818359375,98.1748275756836,78.0916748046875,77.57229614257812
2022-06-30,168.4600067138672,358.52386474609375,99.03702545166016,77.94623565673828,75.38912963867188
2022-07-01,168.32000732421875,362.3157653808594,100.05379486083984,79.34928894042969,77.07051849365234
2022-07-05,164.75,363.0,100.83991241455078,79.12686157226562,74.65849304199219
2022-07-06,162.13999938964844,364.2259216308594,99.1467056274414,78.98139953613281,73.31163024902344
2022-07-07,162.22999572753906,369.6810302734375,98.27420806884766,79.19529724121094,75.65323638916016
2022-07-08,162.3000030517578,369.3769226074219,97.18569946289062,78.7761001586914,75.77647399902344
2022-07-11,161.42999267578125,365.15728759765625,98.86162567138672,78.60498046875,75.38912963867188
2022-07-12,160.8300018310547,361.92608642578125,99.44908142089844,78.2969970703125,74.3855972290039
2022-07-13,161.60000610351562,360.025390625,100.58937072753906,77.92056274414062,74.68489074707031
2022-07-14,159.3300018310547,359.1511535644531,99.76870727539062,77.21904754638672,73.18838500976562
2022-07-15,159.00999450683594,366.0126647949219,100.3302001953125,78.52798461914062,74.42080688476562
2022-07-18,159.16000366210938,362.990478515625,99.28492736816406,77.97188568115234,75.79408264160156
2022-07-19,159.5399932861328,372.7982177734375,98.74932861328125,79.99092102050781,77.70433807373047
2022-07-20,158.0399932861328,375.1741638183594,99.00847625732422,79.8027114868164,78.55823516845703
2022-07-21,160.27000427246094,378.99462890625,100.71893310546875,80.43578338623047,77.24657440185547
2022-07-22,160.6699981689453,375.4782409667969,102.41214752197266,80.85498809814453,76.65679168701172
2022-07-25,160.22999572753906,375.9344482421875,101.4100570678711,80.99188995361328,79.20967102050781
2022-07-26,160.0399932861328,371.4867858886719,101.4878158569336,81.0774154663086,78.90154266357422
2022-07-27,161.6699981689453,381.1329345703125,100.91764831542969,81.56507873535156,80.60934448242188
2022-07-28,163.63999938964844,385.91326904296875,101.72105407714844,84.20862579345703,81.55126190185547
2022-07-29,164.10000610351562,391.539306640625,101.44459533691406,84.66205596923828,85.3277587890625
2022-08-01,165.02999877929688,390.37994384765625,103.88777160644531,83.97763061523438,83.17101287841797
2022-08-02,164.0500030517578,387.804443359375,101.68955993652344,82.89968872070312,82.8100814819336
2022-08-03,164.4499969482422,393.87725830078125,103.29061126708984,83.1648941040039,80.12516784667969
2022-08-04,167.1699981689453,393.61114501953125,103.2559814453125,83.03658294677734,76.75360870361328
2022-08-05,165.2899932861328,392.94586181640625,100.79813385009766,83.26757049560547,77.86278533935547
2022-08-08,166.69000244140625,392.4897155761719,102.42515563964844,84.01184844970703,78.30294036865234
2022-08-09,167.1999969482422,390.93115234375,102.02706146240234,84.47383117675781,79.74663543701172
2022-08-10,166.77999877929688,399.1423034667969,101.36063385009766,85.75711822509766,80.5036849975586
2022-08-11,166.33999633789062,399.1423034667969,98.99800109863281,85.55180358886719,82.83250427246094
2022-08-12,167.8699951171875,405.89935302734375,100.00192260742188,87.02327728271484,83.55248260498047
2022-08-15,165.7100067138672,407.5719299316406,99.91536712646484,87.3740463256836,82.0591812133789
2022-08-16,165.4199981689453,408.3702392578125,100.3307876586914,87.14305114746094,81.29478454589844
2022-08-17,164.35000610351562,405.4716491699219,99.28361511230469,86.6211929321289,81.9525375366211
2022-08-18,163.9199981689453,406.650146484375,99.43072509765625,86.0479965209961,83.89024353027344
2022-08-19,162.72000122070312,401.1855773925781,97.82965087890625,85.14114379882812,83.62358093261719
2022-08-22,161.63999938964844,392.8319396972656,97.50081634521484,83.28466796875,83.56136322021484
2022-08-23,162.77000427246094,391.8814697265625,96.9642333984375,82.21528625488281,87.10789489746094
2022-08-24,163.25,393.135986328125,96.25456237792969,82.68579864501953,87.6234359741211
2022-08-25,163.75,398.6861572265625,97.5959701538086,83.91776275634766,88.07676696777344
2022-08-26,161.75999450683594,385.19091796875,98.33161163330078,81.80463409423828,86.99235534667969
2022-08-29,161.86000061035156,382.64398193359375,97.51811981201172,81.0688705444336,88.99227905273438
2022-08-30,160.50999450683594,378.4433288574219,97.76041412353516,79.9481430053711,85.60572052001953
2022-08-31,159.27000427246094,375.5638122558594,96.82573699951172,79.57172393798828,84.96575927734375
2022-09-01,157.8699951171875,376.74224853515625,95.05303955078125,79.7171630859375,83.43692779541016
2022-09-02,159.25999450683594,372.76971435546875,95.5907211303711,78.60498046875,84.96575927734375
2022-09-06,158.3300018310547,371.3631896972656,93.22308349609375,79.31504821777344,84.39688873291016
2022-09-07,159.94000244140625,378.03472900390625,94.6974868774414,80.86355590820312,83.67692565917969
2022-09-08,158.97999572753906,380.50567626953125,93.7260971069336,81.08596801757812,84.3613510131836
2022-09-09,159.82000732421875,386.4169616699219,93.93428039550781,81.96717071533203,85.77462005615234
2022-09-12,160.6300048828125,390.5700378417969,93.16238403320312,82.76280975341797,86.76124572753906
2022-09-13,158.5399932861328,373.5871276855469,93.37919616699219,79.597412109375,84.73467254638672
2022-09-14,157.92999267578125,375.0125732421875,93.7000961303711,78.69054412841797,86.8145751953125
2022-09-15,154.97999572753906,370.7549743652344,93.63938903808594,77.23615264892578,84.29022979736328
2022-09-16,155.83999633789062,367.92645263671875,92.85880279541016,77.2447280883789,82.85026550292969
2022-09-19,155.9600067138672,370.7798156738281,93.07566833496094,77.13350677490234,82.84139251708984
2022-09-20,155.07000732421875,366.5237731933594,92.14766693115234,75.25991821289062,82.16587829589844
2022-09-21,155.7899932861328,360.1302185058594,93.69142150878906,74.07074737548828,80.84146881103516
2022-09-22,155.6999969482422,357.1051330566406,91.29773712158203,73.12966918945312,80.50369262695312
2022-09-23,153.00999450683594,351.1218566894531,91.6706771850586,72.15765380859375,76.21941375732422
2022-09-26,151.22999572753906,347.6484069824219,89.91879272460938,70.1340560913086,74.64613342285156
2022-09-27,151.5399932861328,346.7608947753906,87.5511245727539,69.20008850097656,76.21052551269531
2022-09-28,154.69000244140625,353.58392333984375,90.48251342773438,70.6356201171875,78.98374938964844
2022-09-29,154.66000366210938,346.19793701171875,90.01421356201172,68.5601577758789,78.82377624511719
2022-09-30,154.6699981689453,340.844482421875,88.85205841064453,69.32979583740234,77.60602569580078
2022-10-03,158.42999267578125,349.84320068359375,90.26383972167969,70.56643676757812,81.70365905761719
2022-10-04,160.6999969482422,360.6836242675781,90.01175689697266,71.99334716796875,84.68132781982422
2022-10-05,159.80999755859375,359.84393310546875,89.15107727050781,70.58375549316406,88.10343170166016
2022-10-06,159.6300048828125,356.1318054199219,88.65556335449219,68.62068939208984,90.7166748046875
2022-10-07,157.8800048828125,346.19793701171875,87.79493713378906,66.96893310546875,89.80113220214844
2022-10-10,155.47999572753906,343.5545349121094,86.43003845214844,66.33763122558594,87.85453796386719
2022-10-11,155.16000366210938,341.3788757324219,86.81253814697266,67.01219177246094,87.10789489746094
2022-10-12,155.99000549316406,340.2527770996094,87.23854064941406,66.31170654296875,87.4901123046875
2022-10-13,154.91000366210938,349.23248291015625,86.40396118164062,67.52240753173828,90.54777526855469
2022-10-14,152.97999572753906,341.27392578125,85.69110107421875,65.8447265625,88.1656494140625
2022-10-17,153.4199981689453,350.04364013671875,85.2738265991211,68.32666015625,89.43670654296875
2022-10-18,153.75,354.1564636230469,85.4737777709961,69.07038116455078,89.59671020507812
2022-10-19,151.69000244140625,351.64678955078125,83.91764831542969,67.34944915771484,92.25437927246094
2022-10-20,151.4499969482422,348.6981201171875,82.48323059082031,67.05542755126953,92.37882232666016
2022-10-21,154.14999389648438,357.17193603515625,80.99665069580078,67.58294677734375,94.09432220458984
2022-10-24,153.64999389648438,361.5425109863281,80.32727813720703,67.57430267333984,94.75206756591797
2022-10-25,154.0,367.3158264160156,82.66580963134766,70.22919464111328,94.1120834350586
2022-10-26,154.97999572753906,364.54840087890625,83.85680389404297,70.18595123291016,95.2320556640625
2022-10-27,154.74000549316406,362.60174560546875,84.73484802246094,70.28971099853516,95.59648132324219
2022-10-28,153.16000366210938,371.228271484375,84.15238189697266,71.83768463134766,98.39636993408203
2022-10-31,151.91000366210938,368.54681396484375,83.55252838134766,71.75985717773438,98.49415588378906
2022-11-01,153.4600067138672,366.9340515136719,84.33336639404297,71.73391723632812,99.4719009399414
2022-11-02,152.38999938964844,357.72540283203125,83.96736907958984,69.76219940185547,97.4275131225586
2022-11-03,151.80999755859375,354.0419921875,83.51419067382812,69.66707611083984,98.75191497802734
2022-11-04,156.47000122070312,359.1377258300781,82.1111068725586,70.61833953857422,99.82743072509766
2022-11-07,155.85000610351562,362.5731201171875,81.2918930053711,70.61833953857422,101.00960540771484
2022-11-08,159.4499969482422,364.5293273925781,82.18077850341797,70.83454132080078,101.32960510253906
2022-11-09,158.64999389648438,357.0192565917969,82.45097351074219,70.10812377929688,96.79644775390625
2022-11-10,163.47999572753906,376.63897705078125,85.62317657470703,75.23628997802734,98.21859741210938
2022-11-11,164.55999755859375,380.2842712402344,85.3094482421875,75.22764587402344,101.28516387939453
2022-11-14,164.9199981689453,377.0492858886719,85.10025787353516,73.39430236816406,101.58084869384766
2022-11-15,165.5,380.2651672363281,86.47723388671875,74.18991088867188,102.26180267333984
2022-11-16,165.1199951171875,377.36419677734375,88.36834716796875,73.5153579711914,101.16868591308594
2022-11-17,163.9199981689453,376.2095642089844,87.43586730957031,73.01378631591797,101.30307006835938
2022-11-18,162.7899932861328,377.9176330566406,86.83451080322266,73.9391098022461,100.42499542236328
2022-11-21,161.8800048828125,376.54351806640625,87.2005615234375,74.3282470703125,99.430419921875
2022-11-22,162.07000732421875,381.6106262207031,88.43806457519531,74.7347183227539,102.30661010742188
2022-11-23,163.0800018310547,384.0154724121094,89.9805908203125,74.79524230957031,101.79588317871094
2022-11-25,163.22000122070312,383.92950439453125,89.6755599975586,75.2708740234375,101.4374771118164
2022-11-28,161.92999267578125,377.80316162109375,89.92830657958984,73.25592803955078,98.39103698730469
2022-11-29,162.72999572753906,377.154296875,88.87379455566406,74.46662139892578,99.04513549804688
2022-11-30,164.80999755859375,389.0349426269531,89.52738952636719,76.17025756835938,99.7619400024414
2022-12-01,167.83999633789062,388.7485656738281,92.38746643066406,76.00595092773438,99.2780990600586
2022-12-02,167.25999450683594,388.3000793457031,93.54926300048828,75.7811050415039,98.43583679199219
2022-12-05,164.38999938964844,381.3148498535156,92.23895263671875,74.39744567871094,95.73883819580078
2022-12-06,164.83999633789062,375.81829833984375,93.42697143554688,73.69697570800781,93.07769012451172
2022-12-07,166.3300018310547,375.178955078125,95.62834167480469,73.843994140625,92.87162017822266
2022-12-08,166.47000122070312,378.11810302734375,95.36625671386719,74.36285400390625,93.56153869628906
2022-12-09,167.05999755859375,375.29339599609375,92.8853759765625,74.22449493408203,92.77305603027344
2022-12-12,165.67999267578125,380.70416259765625,93.18238067626953,74.79524230957031,95.05786895751953
2022-12-13,168.50999450683594,383.5860290527344,94.0821304321289,76.17889404296875,96.09725952148438
2022-12-14,168.10000610351562,381.13348388671875,94.4839859008789,75.66001892089844,95.389404296875
2022-12-15,165.35000610351562,371.8103942871094,94.85264587402344,74.64824676513672,94.4754638671875
2022-12-16,166.7899932861328,367.4207458496094,93.79307556152344,72.71976470947266,93.81242370605469
2022-12-19,166.32000732421875,364.30511474609375,92.21687316894531,71.79443359375,94.23356628417969
2022-12-20,169.0800018310547,364.80364990234375,90.57937622070312,71.61284637451172,95.59546661376953
2022-12-21,168.8000030517578,370.2583923339844,90.80702209472656,72.2268295288086,96.82303619384766
2022-12-22,166.75999450683594,364.9761657714844,90.78952026367188,71.92337799072266,94.86970520019531
2022-12-23,167.25999450683594,367.07562255859375,89.45853424072266,72.56361389160156,97.37854766845703
2022-12-27,168.6699981689453,365.6280822753906,87.68964385986328,72.53729248046875,98.73152923583984
2022-12-28,167.91000366210938,361.0841064453125,87.1729965209961,71.30071258544922,97.10972595214844
2022-12-29,168.85000610351562,367.583740234375,88.16252899169922,72.8617935180664,97.844482421875
2022-12-30,169.63999938964844,366.615478515625,87.18177032470703,72.33558654785156,98.830078125
2023-01-03,171.05999755859375,365.07208251953125,88.84555053710938,72.4057388305664,95.4342041015625
2023-01-04,172.6699981689453,367.8905334472656,90.06272888183594,74.04572296142578,95.71195983886719
2023-01-05,170.52000427246094,363.69158935546875,90.43927001953125,72.05494689941406,97.85342407226562
2023-01-06,173.7100067138672,372.0317687988281,92.10301971435547,73.99312591552734,99.03617095947266
2023-01-09,174.10000610351562,371.82098388671875,92.59342193603516,74.01944732666016,97.19039154052734
2023-01-10,174.74000549316406,374.428466796875,91.06098937988281,74.1860580444336,98.64192199707031
2023-01-11,174.6199951171875,379.1641845703125,92.5408706665039,76.84339904785156,99.78881072998047
2023-01-12,176.63999938964844,380.5445861816406,94.3622817993164,77.81688690185547,101.4464340209961
2023-01-13,178.75999450683594,382.0209655761719,93.47785949707031,77.33453369140625,101.38372039794922
2023-01-17,177.58999633789062,381.32110595703125,92.87361145019531,77.55377960205078,101.18659973144531
2023-01-18,177.0800018310547,375.30078125,95.12409973144531,76.42244720458984,99.10784149169922
2023-01-19,179.88999938964844,372.5686950683594,94.5286636352539,76.00149536132812,99.74400329589844
2023-01-20,179.2899932861328,379.5093078613281,92.99620819091797,76.90480041503906,101.56291961669922
2023-01-23,179.6300048828125,384.0628662109375,92.55838012695312,77.2555923461914,101.0342788696289
2023-01-24,180.27999877929688,383.6506652832031,93.8893814086914,77.44852447509766,101.97509002685547
2023-01-25,181.11000061035156,383.7944641113281,94.11707305908203,77.48362731933594,101.4374771118164
2023-01-26,179.47000122070312,388.01251220703125,93.6792221069336,78.35183715820312,105.51434326171875
2023-01-27,179.22000122070312,388.9040222167969,93.44281768798828,79.2288589477539,103.5879135131836
2023-01-30,178.75999450683594,384.0245056152344,93.1012954711914,78.2203140258789,101.7510757446289
2023-01-31,179.41000366210938,389.6709899902344,93.84561920166016,79.86029815673828,103.9463119506836
2023-02-01,181.6699981689453,393.81231689453125,94.9737777709961,80.3514404296875,102.80838775634766
2023-02-02,177.89999389648438,399.5450134277344,95.09667205810547,82.17559814453125,99.59168243408203
2023-02-03,173.4600067138672,395.2982482910156,93.67442321777344,80.63207244873047,100.28162384033203
2023-02-06,173.82000732421875,392.88238525390625,92.9808578491211,80.04448699951172,100.11139678955078
2023-02-07,173.97999572753906,398.0207214355469,92.23462677001953,79.86907958984375,102.96964263916016
2023-02-08,174.41000366210938,393.6684875488281,92.67359161376953,79.4919662475586,102.07363891601562
2023-02-09,173.02999877929688,390.25567626953125,91.79566192626953,78.62373352050781,102.45893859863281
2023-02-10,173.36000061035156,391.1664733886719,90.76850128173828,78.89559936523438,106.77770233154297
2023-02-13,172.47999572753906,395.75836181640625,91.53230285644531,79.59720611572266,106.36238098144531
2023-02-14,172.61000061035156,395.5762634277344,91.32158660888672,78.96578216552734,105.11636352539062
2023-02-15,170.88999938964844,396.8608093261719,90.47000885009766,79.28148651123047,104.80033874511719
2023-02-16,170.75,391.3965148925781,89.188232421875,78.50970458984375,104.49335479736328
2023-02-17,171.25999450683594,390.4186706542969,89.88178253173828,78.20277404785156,100.47541809082031
2023-02-21,170.6199951171875,382.5865478515625,88.13472747802734,76.63291931152344,100.3760986328125
2023-02-22,169.66000366210938,382.0592956542969,88.9424057006836,75.94007110595703,99.07592010498047
2023-02-23,169.57000732421875,384.09161376953125,89.81156158447266,76.51014709472656,99.98785400390625
2023-02-24,168.35000610351562,379.98858642578125,88.64390563964844,75.16832733154297,99.99687957763672
2023-02-27,169.00999450683594,381.2828369140625,88.88973999023438,75.2823257446289,99.81629180908203
2023-02-28,169.77999877929688,379.87353515625,89.29356384277344,75.1771011352539,99.23844146728516
2023-03-01,170.75999450683594,378.4164123535156,88.33429718017578,74.22991943359375,100.12328338623047
2023-03-02,170.66000366210938,381.3594055175781,87.55101013183594,75.09815979003906,100.58377075195312
2023-03-03,172.49000549316406,387.4756164550781,89.67202758789062,76.23826599121094,101.85686492919922
2023-03-06,171.6199951171875,387.74407958984375,88.97676849365234,75.94007110595703,102.75978088378906
2023-03-07,168.6199951171875,381.80047607421875,89.52239990234375,74.16853332519531,100.77338409423828
2023-03-08,168.5399932861328,382.4236145019531,89.61042022705078,75.01924133300781,99.30164337158203
2023-03-09,170.1999969482422,375.36785888671875,89.83042907714844,73.30029296875,98.53418731689453
2023-03-10,173.8699951171875,369.9515686035156,92.92835998535156,70.87097930908203,97.31524658203125
2023-03-13,177.86000061035156,369.42425537109375,93.13957214355469,71.80061340332031,96.19564819335938
2023-03-14,176.8300018310547,375.5309143066406,91.60822296142578,72.49346160888672,96.55680847167969
2023-03-15,178.2100067138672,373.18218994140625,93.37718963623047,72.44082641601562,91.75336456298828
2023-03-16,178.57000732421875,379.72979736328125,92.6467056274414,72.28296661376953,91.22064208984375
2023-03-17,183.77000427246094,375.28973388671875,94.03724670410156,70.64295959472656,90.14616394042969
2023-03-20,183.83999633789062,378.8983154296875,93.20996856689453,71.44981384277344,92.50275421142578
2023-03-21,180.3699951171875,383.8734436035156,92.4090805053711,71.13410186767578,96.64710235595703
2023-03-22,183.44000244140625,377.32977294921875,93.6412124633789,68.47676086425781,94.43497467041016
2023-03-23,185.74000549316406,378.349853515625,93.6412124633789,68.0470199584961,93.36955261230469
2023-03-24,183.64999389648438,380.8325500488281,94.03724670410156,69.79204559326172,93.4778823852539
2023-03-27,181.9499969482422,381.5447082519531,91.82823181152344,69.71231842041016,95.52750396728516
2023-03-28,183.44000244140625,380.6882629394531,91.99544525146484,69.54402923583984,96.71934509277344
2023-03-29,182.52999877929688,386.221435546875,91.81063079833984,71.0853042602539,98.38068389892578
2023-03-30,184.17999267578125,388.4829406738281,92.23307037353516,72.01538848876953,98.85920715332031
2023-03-31,183.22000122070312,393.9584655761719,93.61483001708984,73.55667877197266,99.01270294189453
2023-04-03,184.5399932861328,395.45965576171875,94.05509185791016,72.97205352783203,104.8545150756836
2023-04-04,187.97999572753906,393.2655944824219,94.52271270751953,72.87461853027344,103.85228729248047
2023-04-05,187.8300018310547,392.2359313964844,95.51089477539062,72.48487091064453,105.63102722167969
2023-04-06,186.49000549316406,393.76593017578125,95.75796508789062,72.98091125488281,103.8793716430664
2023-04-10,185.11000061035156,394.17010498046875,94.21390533447266,73.31751251220703,103.41889190673828
2023-04-11,186.27999877929688,394.2759704589844,94.40799713134766,73.62754821777344,104.1502456665039
2023-04-12,187.19000244140625,392.6689453125,94.31095886230469,73.27323150634766,104.04190063476562
2023-04-13,189.72000122070312,397.8846130371094,93.56983947753906,73.0517807006836,104.52945709228516
2023-04-14,186.36000061035156,396.9126892089844,92.7139663696289,71.91796112060547,104.78228759765625
2023-04-17,185.52999877929688,398.3369140625,91.61103820800781,73.41494750976562,103.56336212158203
2023-04-18,186.25,398.5967712402344,91.9375228881836,73.24665069580078,105.58586883544922
2023-04-19,185.36000061035156,398.5294189453125,91.84927368164062,73.6806869506836,105.2518081665039
2023-04-20,186.08999633789062,396.3546142578125,92.63455200195312,72.95433044433594,104.4120864868164
2023-04-21,184.25,396.6625061035156,92.11400604248047,72.96320343017578,104.74617004394531
2023-04-24,184.80999755859375,397.0762634277344,93.00513458251953,72.68860626220703,106.7235336303711
2023-04-25,185.75,390.77325439453125,94.37272644042969,71.97110748291016,105.20664978027344
2023-04-26,184.74000549316406,389.1180114746094,93.36689758300781,71.2801742553711,104.24053955078125
2023-04-27,184.75,396.8646240234375,92.44043731689453,72.89234161376953,105.48655700683594
2023-04-28,184.8000030517578,400.25189208984375,93.93157196044922,73.78699493408203,106.84993743896484
2023-05-01,183.97000122070312,399.84771728515625,91.22309112548828,73.23780059814453,103.53626251220703
2023-05-02,187.52000427246094,395.35382080078125,93.496337890625,71.9976806640625,99.40998840332031
2023-05-03,189.11000061035156,392.6401062011719,94.01826477050781,71.7142333984375,97.45069122314453
2023-05-04,190.44000244140625,389.8590393066406,93.0894775390625,72.30770111083984,95.74420166015625
2023-05-05,187.4600067138672,397.0762634277344,92.7798843383789,73.51239013671875,98.12786102294922
2023-05-08,187.69000244140625,397.18218994140625,91.47959899902344,73.08720397949219,98.51612091064453
2023-05-09,189.02000427246094,395.44036865234375,91.15230560302734,72.77718353271484,98.54319763183594
2023-05-10,188.75,397.28802490234375,92.03687286376953,73.47695922851562,97.27913665771484
2023-05-11,187.1300048828125,396.59515380859375,93.00987243652344,72.67089080810547,95.51847076416016
2023-05-12,186.80999755859375,396.0754699707031,92.23148345947266,72.66202545166016,95.5094223022461
2023-05-15,187.2100067138672,397.4420166015625,91.27616882324219,72.53801727294922,95.69158172607422
2023-05-16,184.8699951171875,394.7859802246094,91.00196075439453,70.72212219238281,93.36918640136719
2023-05-17,184.22999572753906,399.57830810546875,90.73658752441406,71.67879486083984,95.46389770507812
2023-05-18,181.83999633789062,403.4275207519531,90.06433868408203,71.33333587646484,96.32910919189453
2023-05-19,183.63999938964844,402.84051513671875,89.42745208740234,71.21817779541016,96.7753677368164
2023-05-22,183.2100067138672,403.0041198730469,89.10903930664062,71.65221405029297,95.60051727294922
2023-05-23,183.42999267578125,398.4812316894531,89.36556243896484,70.97899627685547,96.90287017822266
2023-05-24,181.9499969482422,395.5943603515625,88.92327117919922,69.4554443359375,97.98664855957031
2023-05-25,180.1999969482422,399.02020263671875,88.70213317871094,69.44657897949219,96.22891998291016
2023-05-26,180.9199981689453,404.1877136230469,89.4186019897461,70.2437973022461,95.60051727294922
2023-05-30,182.0399932861328,404.34173583984375,90.31201934814453,70.50953674316406,94.7535171508789
2023-05-31,182.32000732421875,402.0995178222656,91.09925842285156,70.86385345458984,93.05953979492188
2023-06-01,183.75999450683594,405.91986083984375,91.45667266845703,70.87272644042969,94.13422393798828
2023-06-02,181.0500030517578,411.7900085449219,90.4544677734375,72.60002899169922,96.32000732421875
2023-06-05,182.13999938964844,411.00091552734375,90.28597259521484,72.09510803222656,95.89195251464844
2023-06-06,182.33999633789062,411.8958435058594,90.81810760498047,72.78604125976562,96.67517852783203
2023-06-07,180.14999389648438,410.4715576171875,89.47002410888672,74.12359619140625,98.84274291992188
2023-06-08,182.52999877929688,412.954345703125,90.51655578613281,73.6629867553711,98.53309631347656
2023-06-09,182.0399932861328,413.6953125,90.39241790771484,73.23780059814453,97.80449676513672
2023-06-12,181.8800048828125,417.4483337402344,90.658447265625,73.25550079345703,96.92108154296875
2023-06-13,180.5399932861328,420.20050048828125,89.7627182006836,73.72499084472656,96.93929290771484
2023-06-14,180.63999938964844,420.7008972167969,90.48108673095703,73.99957275390625,95.7735595703125
2023-06-15,181.91000366210938,425.9166259765625,91.3502426147461,74.38933563232422,96.43838500976562
2023-06-16,181.6300048828125,424.46588134765625,90.9955062866211,74.33616638183594,95.7462158203125
2023-06-20,179.75,422.2636413574219,91.62518310546875,73.45923614501953,93.55133819580078
2023-06-21,179.49000549316406,420.1000671386719,91.84689331054688,73.01634979248047,94.59869384765625
2023-06-22,177.7100067138672,421.6165771484375,90.7383041381836,71.97110748291016,94.0795669555664
2023-06-23,178.1999969482422,418.4291076660156,91.64293670654297,70.97899627685547,93.2599105834961
2023-06-26,178.50999450683594,416.71954345703125,91.74048614501953,72.61772155761719,94.98120880126953
2023-06-27,177.69000244140625,421.2881164550781,91.50100708007812,73.51239013671875,95.21800231933594
2023-06-28,177.27999877929688,421.5006103515625,91.89125061035156,73.61868286132812,95.99214172363281
2023-06-29,177.08999633789062,423.1618957519531,90.23274993896484,74.44103240966797,97.17607879638672
2023-06-30,178.27000427246094,428.1554870605469,91.29702758789062,74.85309600830078,97.67700958251953
2023-07-03,178.47000122070312,428.6481628417969,90.77948760986328,75.58765411376953,97.86824798583984
2023-07-05,177.83999633789062,428.01068115234375,89.91683197021484,75.75785827636719,97.36734771728516
2023-07-06,177.30999755859375,424.6590576171875,88.64513397216797,75.17558288574219,93.73348999023438
2023-07-07,178.63999938964844,423.5869140625,88.111572265625,75.0053939819336,93.9520492553711
2023-07-10,178.77999877929688,424.6590576171875,88.22716522216797,75.32787322998047,95.34549713134766
2023-07-11,179.4499969482422,427.36346435546875,88.68073272705078,76.40283203125,96.51126098632812
2023-07-12,181.8800048828125,430.802001953125,89.66786193847656,76.8149185180664,96.98483276367188
2023-07-13,182.00999450683594,434.2213134765625,90.61051177978516,77.30760192871094,95.2088851928711
2023-07-14,181.42999267578125,433.9507751464844,90.07691192626953,77.15530395507812,91.93022918701172
2023-07-17,181.55999755859375,435.4575500488281,90.12137603759766,76.65365600585938,92.33094024658203
2023-07-18,183.63999938964844,438.6932373046875,90.53046417236328,76.23262786865234,91.9120101928711
2023-07-19,183.6699981689453,439.6688232421875,91.55314636230469,77.09259796142578,92.5495376586914
2023-07-20,182.74000549316406,436.7518310546875,90.44152069091797,76.84178924560547,94.17976379394531
2023-07-21,182.17999267578125,436.7518310546875,90.46822357177734,77.2000961303711,94.61691284179688
2023-07-24,181.39999389648438,438.7029724121094,90.13915252685547,77.83612060546875,96.10140228271484
2023-07-25,182.41000366210938,439.90057373046875,89.97019958496094,77.28071594238281,96.24713897705078
2023-07-26,183.3000030517578,439.96826171875,90.05913543701172,77.63009643554688,95.70978546142578
2023-07-27,180.4199981689453,437.0512390136719,88.30722045898438,75.94597625732422,96.01034545898438
2023-07-28,181.86000061035156,441.3301696777344,88.7607650756836,75.88326263427734,94.86280822753906
2023-07-31,182.35000610351562,442.1705017089844,88.9742202758789,76.3759536743164,97.66788482666016
2023-08-01,180.4600067138672,440.9051513671875,87.51616668701172,76.25054931640625,97.10321807861328
2023-08-02,179.60000610351562,434.7717590332031,86.57984924316406,75.81160736083984,95.89195251464844
2023-08-03,179.5399932861328,433.52581787109375,84.58232116699219,74.98747253417969,97.5586166381836
2023-08-04,180.19000244140625,431.5650634765625,86.08043670654297,74.3783187866211,97.83182525634766
2023-08-07,179.77999877929688,435.33197021484375,85.2332992553711,75.30995178222656,97.63145446777344
2023-08-08,178.63999938964844,433.43896484375,86.22315216064453,74.82622528076172,98.1141586303711
2023-08-09,177.7899932861328,430.5412902832031,86.66901397705078,74.81725311279297,99.78079223632812
2023-08-10,177.60000610351562,430.6957702636719,85.24224090576172,74.53060913085938,100.29081726074219
2023-08-11,177.60000610351562,430.44464111328125,85.04603576660156,74.6470718383789,101.84819793701172
2023-08-14,177.05999755859375,432.8207092285156,84.85877227783203,74.15438079833984,101.93016052246094
2023-08-15,176.58999633789062,427.77880859375,84.34154510498047,73.32128143310547,99.31327056884766
2023-08-16,175.57000732421875,424.6397705078125,83.68165588378906,72.4165267944336,97.64212799072266
2023-08-17,175.3000030517578,421.404052734375,83.32496643066406,71.8342514038086,99.53363037109375
2023-08-18,175.3300018310547,421.60687255859375,83.61923217773438,72.0582046508789,101.03950500488281
2023-08-21,175.80999755859375,424.3499450683594,82.50452423095703,71.39530181884766,99.81828308105469
2023-08-22,176.10000610351562,423.2005920410156,83.13772583007812,71.60134887695312,99.25817108154297
2023-08-23,177.88999938964844,427.9140930175781,85.1976318359375,72.73005676269531,98.3858871459961
2023-08-24,177.85000610351562,421.98358154296875,84.63581085205078,72.45235443115234,97.65131378173828
2023-08-25,177.6199951171875,424.95843505859375,84.9122543334961,72.506103515625,99.39591217041016
2023-08-28,178.1300048828125,427.6532897949219,85.00143432617188,73.1868896484375,100.23148345947266
2023-08-29,179.8699951171875,433.83489990234375,85.88426971435547,74.07374572753906,100.82830810546875
2023-08-30,180.32000732421875,435.6217956542969,85.79512023925781,74.34249877929688,101.810791015625
2023-08-31,180.02000427246094,434.9842834472656,86.1785659790039,73.79605865478516,102.0954360961914
2023-09-01,180.11000061035156,435.795654296875,84.83602142333984,73.92147064208984,104.23485565185547
2023-09-05,178.63999938964844,433.9121398925781,83.64643096923828,73.06149291992188,104.2440414428711
2023-09-06,177.8300018310547,430.99517822265625,83.85216522216797,72.90921783447266,105.14387512207031
2023-09-07,178.02000427246094,429.67193603515625,84.08474731445312,73.3660659790039,104.62967681884766
2023-09-08,178.0800018310547,430.31903076171875,84.40670013427734,73.07941436767578,106.15391540527344
2023-09-11,178.41000366210938,433.1491394042969,83.79852294921875,73.08836364746094,104.82251739501953
2023-09-12,177.49000549316406,430.7730407714844,84.281494140625,73.05253601074219,107.88014221191406
2023-09-13,177.0800018310547,431.27532958984375,84.26359558105469,72.25527954101562,106.91602325439453
2023-09-14,177.1699981689453,434.9939270019531,83.65540313720703,73.56314849853516,108.82587432861328
2023-09-15,178.33999633789062,429.75299072265625,83.14557647705078,73.28544616699219,107.15475463867188
2023-09-18,179.38999938964844,430.0050048828125,83.61959838867188,72.63151550292969,108.01786804199219
2023-09-19,179.22000122070312,429.1133117675781,83.00244140625,72.30006408691406,107.73323059082031
2023-09-20,179.35000610351562,425.1683349609375,83.26183319091797,72.36277770996094,106.8792953491211
2023-09-21,178.0500030517578,418.14093017578125,81.12415313720703,69.89932250976562,105.3734359741211
2023-09-22,178.6199951171875,417.2007751464844,81.77710723876953,69.37080383300781,105.53872680664062
2023-09-25,177.6999969482422,418.95513916015625,79.7646713256836,69.30809020996094,106.72319793701172
2023-09-26,176.27999877929688,412.8002014160156,79.48737335205078,68.04501342773438,106.88848114013672
2023-09-27,174.10000610351562,412.9649353027344,79.07595825195312,67.58815002441406,110.36848449707031
2023-09-28,173.22999572753906,415.3591003417969,79.31742858886719,68.23668670654297,109.69818878173828
2023-09-29,171.4499969482422,414.3509826660156,79.32637023925781,68.4356918334961,107.96277618408203
2023-10-02,169.64999389648438,414.186279296875,77.99844360351562,67.17839813232422,106.17227172851562
2023-10-03,169.16000366210938,408.6419372558594,76.32059478759766,65.86685943603516,106.35591888427734
2023-10-04,169.13999938964844,411.61761474609375,77.39728546142578,66.671875,102.38008880615234
2023-10-05,168.8300018310547,411.4625549316406,77.0114517211914,67.0427474975586,100.07537841796875
2023-10-06,169.6999969482422,416.3477783203125,76.07831573486328,67.2236328125,98.40423583984375
2023-10-09,172.82000732421875,419.0133361816406,77.86385345458984,67.956298828125,101.84751892089844
2023-10-10,172.52999877929688,421.19427490234375,77.75617980957031,68.28192138671875,101.41596221923828
2023-10-11,173.7899932861328,422.9195556640625,79.38021850585938,69.46684265136719,97.77986145019531
2023-10-12,173.25999450683594,420.3412780761719,77.22679901123047,68.45378112792969,97.7614974975586
2023-10-13,178.8300018310547,418.2475280761719,78.60856628417969,68.28192138671875,100.88340759277344
2023-10-16,177.9600067138672,422.6481628417969,77.34342956542969,69.09597778320312,100.95687103271484
2023-10-17,178.2899932861328,422.6287841796875,76.49105072021484,68.99649047851562,102.2790756225586
2023-10-18,180.8699951171875,416.99713134765625,75.81812286376953,67.53117370605469,103.71147918701172
2023-10-19,183.08999633789062,413.333251953125,74.26586151123047,65.93018341064453,103.77574157714844
2023-10-20,183.58999633789062,408.25421142578125,74.68757629394531,65.48695373535156,101.99443817138672
2023-10-23,182.97000122070312,407.54656982421875,75.58482360839844,64.84476470947266,100.49774932861328
2023-10-24,182.9499969482422,410.61932373046875,76.5807876586914,65.67691802978516,99.52445220947266
2023-10-25,183.72000122070312,404.7259826660156,74.87598419189453,64.26588439941406,99.70809173583984
2023-10-26,184.00999450683594,399.8795166015625,76.02447509765625,65.49601745605469,98.799072265625
2023-10-27,186.14999389648438,398.0669860839844,75.70146179199219,64.44677734375,96.91674041748047
2023-10-30,185.10000610351562,402.8262634277344,75.36050415039062,64.85381317138672,97.2197494506836
2023-10-31,184.08999633789062,405.3560485839844,74.99262237548828,65.95731353759766,97.19219207763672
2023-11-01,183.50999450683594,409.6790771484375,76.61865234375,66.36434173583984,96.9993896484375
2023-11-02,184.1199951171875,417.5303039550781,78.36529541015625,68.54422760009766,100.18556213378906
2023-11-03,184.7899932861328,421.3395690917969,78.896484375,70.18140411376953,98.96434783935547
2023-11-06,183.35000610351562,422.30889892578125,78.1312026977539,69.1683578491211,97.2105712890625
2023-11-07,182.58999633789062,423.5107727050781,79.28364562988281,68.59849548339844,95.68635559082031
2023-11-08,180.77000427246094,423.8209533691406,80.6341552734375,68.82463073730469,94.51104736328125
2023-11-09,181.49000549316406,420.5156555175781,78.77946472167969,67.73920440673828,94.53858947753906
2023-11-10,179.50999450683594,427.0777587890625,79.22062683105469,68.37236785888672,95.26396942138672
2023-11-13,180.50999450683594,426.6706848144531,79.04056549072266,67.8025131225586,96.26480865478516
2023-11-14,182.1199951171875,434.94842529296875,80.83221435546875,71.56531524658203,96.63546752929688
2023-11-15,181.63999938964844,435.8692321777344,79.69780731201172,71.77334594726562,96.05171966552734
2023-11-16,183.69000244140625,436.4023132324219,80.68817138671875,71.61958312988281,94.93977355957031
2023-11-17,183.6699981689453,436.9451904296875,81.06632232666016,71.56531524658203,97.25627899169922
2023-11-20,183.3699951171875,440.30853271484375,81.56149291992188,72.08992767333984,96.83004760742188
2023-11-21,185.35000610351562,439.3489990234375,81.5254898071289,71.58340454101562,96.79298400878906
2023-11-22,184.55999755859375,441.0451965332031,81.81359100341797,71.93617248535156,96.37601470947266
2023-11-24,185.52000427246094,441.31658935546875,80.8502197265625,72.14421081542969,96.89491271972656
2023-11-27,186.77000427246094,440.5217590332031,82.20072937011719,72.4065170288086,96.32967376708984
2023-11-28,189.25999450683594,440.9579772949219,82.36279296875,72.88590240478516,96.27409362792969
2023-11-29,189.5399932861328,440.6478271484375,83.39817810058594,73.39244079589844,94.82857513427734
2023-11-30,188.75,442.3828125,82.434814453125,73.92610931396484,95.19922637939453
2023-12-01,192.00999450683594,444.99993896484375,83.98741149902344,75.74417877197266,95.43087768554688
2023-12-04,187.86000061035156,442.6639404296875,83.65322875976562,76.29593658447266,94.91199493408203
2023-12-05,187.14999389648438,442.57672119140625,85.45056915283203,75.78939819335938,93.06803894042969
2023-12-06,187.83999633789062,440.7932434082031,86.58856201171875,75.56327819824219,91.83564758300781
2023-12-07,188.14999389648438,444.1566467285156,86.09182739257812,75.78035736083984,91.19629669189453
2023-12-08,185.63999938964844,446.0661315917969,85.3873291015625,75.65372467041016,92.24337005615234
2023-12-11,183.58999633789062,447.8011169433594,85.20669555664062,75.86177825927734,92.30823516845703
2023-12-12,183.49000549316406,449.8463439941406,85.45960235595703,75.81654357910156,90.85345458984375
2023-12-13,187.6300048828125,456.0497741699219,87.46465301513672,78.72003936767578,91.65959930419922
2023-12-14,188.72999572753906,457.513427734375,89.7398910522461,80.9903793334961,94.1243667602539
2023-12-15,187.0,456.7601318359375,89.83956146240234,79.85067749023438,93.49429321289062
2023-12-18,187.85000610351562,459.3294372558594,89.12373352050781,79.66976165771484,94.18923950195312
2023-12-19,189.1300048828125,462.1225280761719,89.60395050048828,80.27581787109375,95.43087768554688
2023-12-20,188.10000610351562,455.7187805175781,90.2110366821289,79.29891967773438,93.83711242675781
2023-12-21,189.42999267578125,460.0398864746094,89.64022827148438,80.00216674804688,94.26335906982422
2023-12-22,190.27000427246094,460.9643859863281,89.23248291015625,80.31348419189453,94.43014526367188
2023-12-26,191.72000122070312,462.91082763671875,89.4861831665039,80.90868377685547,94.64326477050781
2023-12-27,192.58999633789062,463.74786376953125,91.07185363769531,81.30240631103516,94.19849395751953
2023-12-28,191.47000122070312,463.9229736328125,90.410400390625,81.87928771972656,92.83639526367188
2023-12-29,191.1699981689453,462.58001708984375,89.59492492675781,80.90868377685547,92.64180755615234
2024-01-02,190.72000122070312,459.9912109375,89.07842254638672,81.6045913696289,94.84712219238281
2024-01-03,189.1300048828125,456.2345886230469,89.44993591308594,79.6541976928711,95.64399719238281
2024-01-04,189.32000732421875,454.7650146484375,88.0907974243164,79.50769805908203,94.81006622314453
2024-01-05,189.35000610351562,455.3879089355469,87.24810791015625,79.3062515258789,95.09729766845703
2024-01-08,187.8699951171875,461.8889465332031,88.10889434814453,80.4416732788086,93.51280975341797
2024-01-09,187.92999267578125,461.188232421875,87.5471420288086,79.90143585205078,92.35456085205078
2024-01-10,187.5,463.7965087890625,87.1393814086914,79.99299621582031,91.44647216796875
2024-01-11,187.8699951171875,463.5921630859375,87.62867736816406,79.2513198852539,91.4279556274414
2024-01-12,189.7100067138672,463.9132080078125,87.45652770996094,79.72747039794922,92.61399841308594
2024-01-16,187.91000366210938,462.21014404296875,85.91614532470703,79.14141845703125,90.51988220214844
2024-01-17,185.83999633789062,459.640869140625,85.78023529052734,77.69467163085938,89.86199951171875
2024-01-18,187.3699951171875,463.72833251953125,84.98285675048828,77.27346801757812,89.6952133178711
2024-01-19,187.92999267578125,469.5092468261719,85.25471496582031,78.19828796386719,89.83418273925781
2024-01-22,187.22000122070312,470.5019226074219,85.76211547851562,78.665283203125,89.7137451171875
2024-01-23,187.9499969482422,471.8741760253906,85.08255004882812,78.12503051757812,90.72374725341797
2024-01-24,186.39999389648438,472.3900146484375,84.5842056274414,77.00791931152344,92.28970336914062
2024-01-25,187.13999938964844,474.9593200683594,85.13690948486328,77.99683380126953,94.63399505615234
2024-01-26,187.00999450683594,474.3559265136719,84.97381591796875,77.77709197998047,95.44014739990234
2024-01-29,188.3300018310547,478.1125183105469,85.95240020751953,78.28985595703125,95.56061553955078
2024-01-30,188.58999633789062,477.74273681640625,86.73164367675781,77.55731201171875,97.15435791015625
2024-01-31,188.4499969482422,469.9472351074219,87.58335876464844,76.81563568115234,95.26409149169922
2024-02-01,190.41000366210938,476.09796142578125,89.3013916015625,78.20744323730469,94.87492370605469
2024-02-02,188.61000061035156,481.11004638671875,87.32884216308594,77.2368392944336,94.4857406616211
2024-02-05,187.57000732421875,479.3581848144531,85.56537628173828,75.61609649658203,94.0965805053711
2024-02-06,188.5500030517578,480.75,86.40165710449219,76.63248443603516,94.74519348144531
2024-02-07,188.5,484.75958251953125,85.98350524902344,76.5226058959961,94.7174072265625
2024-02-08,188.3300018310547,484.9737243652344,85.48355102539062,77.14527893066406,96.3389663696289
2024-02-09,187.60000610351562,487.77655029296875,85.3108139038086,77.2643051147461,94.30042266845703
2024-02-12,187.11000061035156,487.5624694824219,85.41083526611328,77.2826156616211,95.59767150878906
2024-02-13,184.52999877929688,480.8472595214844,83.94733428955078,75.68936157226562,94.77467346191406
2024-02-14,184.4199981689453,485.2170104980469,84.37455749511719,76.28453826904297,94.30706787109375
2024-02-15,185.66000366210938,488.5649108886719,84.8108901977539,78.0609359741211,97.00984191894531
2024-02-16,186.33999633789062,486.1318664550781,84.32003021240234,77.2551498413086,97.00984191894531
2024-02-20,187.47000122070312,483.4555358886719,84.39270782470703,77.11779022216797,96.09333038330078
2024-02-21,187.47999572753906,483.8934326171875,83.79280853271484,77.54816436767578,98.05728912353516
2024-02-22,187.55999755859375,493.9078063964844,84.20185089111328,77.69467163085938,97.9731216430664
2024-02-23,188.6199951171875,494.24853515625,85.32903289794922,77.65804290771484,97.11270904541016
2024-02-26,188.1999969482422,492.43829345703125,85.0744857788086,76.80645751953125,97.49615478515625
2024-02-27,188.0,493.3530578613281,84.47455596923828,76.89803314208984,97.29039001464844
2024-02-28,188.33999633789062,492.7010498046875,85.01085662841797,77.67636108398438,97.56161499023438
2024-02-29,189.30999755859375,494.4723205566406,85.6108169555664,78.33563995361328,97.7486572265625
2024-03-01,192.88999938964844,499.114501953125,86.14427947998047,79.26962280273438,98.98313903808594
2024-03-04,196.00999450683594,498.5793151855469,85.7977523803711,80.01132202148438,97.59902954101562
2024-03-05,197.19000244140625,493.5964050292969,87.01966094970703,79.04070281982422,98.79611206054688
2024-03-06,198.80999755859375,496.0975646972656,87.5302963256836,79.43445587158203,99.85289001464844
2024-03-07,199.94000244140625,501.0220642089844,87.4482192993164,79.41613006591797,100.41403198242188
2024-03-08,201.6300048828125,498.01483154296875,87.2932357788086,80.3318099975586,101.35858917236328
2024-03-11,202.0,497.5866394042969,87.24761199951172,79.94720458984375,101.95712280273438
2024-03-12,199.7899932861328,502.9393310546875,86.51811981201172,79.77323913574219,101.30247497558594
2024-03-13,201.19000244140625,502.1509704589844,86.0986557006836,79.37034606933594,102.43408966064453
2024-03-14,200.35000610351562,501.1583251953125,84.77647399902344,78.17996978759766,104.24840545654297
2024-03-15,199.7100067138672,497.7170715332031,84.74913024902344,78.00601196289062,104.06135559082031
2024-03-18,200.02999877929688,500.6750793457031,84.49378204345703,78.0426254272461,105.02464294433594
2024-03-19,199.8000030517578,503.4574279785156,84.73086547851562,78.01515197753906,105.76346588134766
2024-03-20,202.17999267578125,508.11407470703125,84.70350646972656,78.52792358398438,105.66993713378906
2024-03-21,201.97000122070312,509.7932434082031,84.88587188720703,79.09564208984375,106.13752746582031
2024-03-22,200.35000610351562,508.82672119140625,85.69744873046875,78.10010528564453,106.13752746582031
2024-03-25,200.99000549316406,507.42095947265625,85.26886749267578,77.61990356445312,107.2223892211914
2024-03-26,201.63999938964844,506.48370361328125,85.50594329833984,77.305908203125,106.41809844970703
2024-03-27,203.10000610351562,510.7401123046875,86.3539810180664,79.30067443847656,107.52164459228516
2024-03-28,205.72000122070312,510.6425476074219,86.28103637695312,79.86399841308594,108.7093734741211
2024-04-01,207.82000732421875,509.7541198730469,84.67266845703125,78.52493286132812,109.41079711914062
2024-04-02,210.88999938964844,506.51300048828125,84.20606994628906,77.53678131103516,111.55243682861328
2024-04-03,212.74000549316406,507.0694580078125,84.18778228759766,77.61990356445312,111.57115173339844
2024-04-04,211.52000427246094,500.880126953125,84.79159545898438,77.1212158203125,111.96393585205078
2024-04-05,215.13999938964844,506.11279296875,83.61141204833984,77.51831817626953,113.50704193115234
2024-04-08,216.47999572753906,506.3959045410156,83.60224151611328,78.3494644165039,112.74015808105469
2024-04-09,217.6699981689453,506.9815673828125,84.3799057006836,79.39301300048828,113.32933807373047
2024-04-10,215.61000061035156,501.9051513671875,82.54098510742188,76.10536193847656,114.28324890136719
2024-04-11,219.8000030517578,505.69293212890625,82.16588592529297,76.36393737792969,113.89982604980469
2024-04-12,216.88999938964844,498.71282958984375,82.60501861572266,75.45891571044922,112.57181549072266
2024-04-15,220.9499969482422,492.46490478515625,81.32418060302734,74.17525482177734,111.92652130126953
2024-04-16,221.22000122070312,491.56671142578125,80.78443145751953,73.13169860839844,111.00066375732422
2024-04-17,219.58999633789062,488.6575622558594,81.68099212646484,72.59608459472656,110.94453430175781
2024-04-18,220.33999633789062,487.65203857421875,81.269287109375,72.60530853271484,110.84166717529297
2024-04-19,221.02999877929688,483.3956298828125,81.56205749511719,72.95623779296875,112.11356353759766
2024-04-22,215.57000732421875,487.8473205566406,81.42481994628906,73.6026840209961,112.74950408935547
2024-04-23,215.0399932861328,493.63641357421875,81.45228576660156,74.2768325805664,113.1890640258789
2024-04-24,214.63999938964844,493.402099609375,80.87590789794922,74.41536712646484,113.20777893066406
2024-04-25,215.9199981689453,491.52764892578125,80.30865478515625,73.99056243896484,113.46963500976562
2024-04-26,216.6199951171875,496.18438720703125,80.72949981689453,74.02749633789062,110.31794738769531
2024-04-29,216.17999267578125,497.94158935546875,81.4065170288086,74.78475952148438,111.88911437988281
2024-04-30,211.8699951171875,490.0535888671875,80.71121978759766,73.51956176757812,110.60786437988281
2024-05-01,213.7899932861328,488.4622802734375,81.30613708496094,73.54727935791016,108.51298522949219
2024-05-02,213.1300048828125,493.0311279296875,81.655029296875,74.58159637451172,108.7093734741211
2024-05-03,212.9600067138672,499.1424255371094,82.48126983642578,75.08029174804688,108.48492431640625
2024-05-06,215.1999969482422,504.2969055175781,82.8026351928711,75.1449203491211,109.18634796142578
2024-05-07,214.2100067138672,504.8534240722656,83.30755615234375,75.85601806640625,108.64390563964844
2024-05-08,213.5800018310547,504.9021911621094,82.8026351928711,75.21880340576172,108.62521362304688
2024-05-09,216.9499969482422,507.8113708496094,83.20658874511719,76.76104736328125,110.76686096191406
2024-05-10,218.7100067138672,508.4655456542969,82.73836517333984,76.54863739013672,110.31794738769531
2024-05-13,216.25999450683594,508.5338134765625,82.94952392578125,76.79798889160156,110.27119445800781
2024-05-14,218.08999633789062,510.8671569824219,83.417724609375,77.38903045654297,110.94058227539062
2024-05-15,220.88999938964844,517.193115234375,84.55616760253906,78.46028137207031,111.79854583740234
2024-05-16,220.02999877929688,516.1289672851562,84.47355651855469,78.40486907958984,111.129150390625
2024-05-17,223.66000366210938,516.8709106445312,83.90435028076172,78.3956298828125,112.79792022705078
2024-05-20,224.55999755859375,517.4664306640625,83.65644836425781,77.93389892578125,111.8833999633789
2024-05-21,224.22999572753906,518.7355346679688,84.08793640136719,77.90618133544922,111.11029052734375
2024-05-22,220.11000061035156,517.2418823242188,84.18893432617188,77.20433807373047,108.8758316040039
2024-05-23,215.72000122070312,513.4639282226562,83.64729309082031,75.54203796386719,107.01850128173828
2024-05-24,215.9199981689453,516.8612060546875,83.89513397216797,75.5974349975586,106.93363189697266
2024-05-28,218.19000244140625,517.2223510742188,82.69245147705078,75.0987548828125,108.2912826538086
2024-05-29,216.16000366210938,513.6004638671875,81.69173431396484,74.36918640136719,107.13162994384766
2024-05-30,216.57000732421875,510.19342041015625,82.48126983642578,75.45891571044922,107.47103881835938
2024-05-31,215.3000030517578,514.8403930664062,83.04133605957031,76.87185668945312,110.55403900146484
2024-06-03,217.22000122070312,515.2600708007812,84.38448333740234,76.6964111328125,107.90473175048828
2024-06-04,215.27000427246094,515.8361206054688,85.37018585205078,77.28742980957031,106.22653198242188
2024-06-05,217.82000732421875,521.9669189453125,85.99662780761719,77.19508361816406,106.65080261230469
2024-06-06,219.42999267578125,521.9570922851562,85.86764526367188,77.34284210205078,107.45218658447266
2024-06-07,211.60000610351562,521.3225708007812,84.29235076904297,76.61328125,106.30196380615234
2024-06-10,213.5399932861328,522.9332885742188,83.73040771484375,76.87185668945312,106.61308288574219
2024-06-11,214.14999389648438,524.1927490234375,84.59638214111328,76.59481811523438,105.75511932373047
2024-06-12,214.72000122070312,528.4979248046875,85.23200225830078,77.27820587158203,104.58604431152344
2024-06-13,212.97000122070312,529.5621337890625,86.48487091064453,77.59220123291016,103.74693298339844
2024-06-14,215.72999572753906,529.88427734375,87.21265411376953,77.57372283935547,102.87012481689453
2024-06-17,214.61000061035156,534.1016235351562,86.34671020507812,77.26896667480469,102.16301727294922
2024-06-18,215.47000122070312,535.4584350585938,87.13895416259766,77.57372283935547,103.12468719482422
2024-06-20,218.16000366210938,534.0040283203125,86.55855560302734,77.35208129882812,105.3497085571289
2024-06-21,214.77999877929688,533.2881469726562,86.55855560302734,77.54601287841797,104.4257583618164
2024-06-24,215.6300048828125,531.5545043945312,86.90862274169922,78.14629364013672,107.5276107788086
2024-06-25,214.55999755859375,533.6014404296875,87.05604553222656,77.18586730957031,107.82930755615234
2024-06-26,212.5800018310547,534.2673950195312,85.81238555908203,76.94574737548828,107.86701965332031
2024-06-27,214.99000549316406,535.1097412109375,86.15323638916016,77.69377136230469,108.3290023803711
2024-06-28,215.00999450683594,533.0040283203125,84.55029296875,78.31366729736328,108.53641510009766
2024-07-01,215.57000732421875,534.1009521484375,83.09105682373047,77.57504272460938,108.38555908203125
2024-07-02,215.55999755859375,537.6952514648438,83.73796844482422,77.9396743774414,107.65017700195312
2024-07-03,217.99000549316406,540.0949096679688,84.83769989013672,77.86487579345703,108.19700622558594
2024-07-05,220.92999267578125,543.2092895507812,85.54006958007812,78.07991790771484,106.88650512695312
2024-07-08,218.19000244140625,543.8359985351562,85.72489929199219,78.33236694335938,105.7645492553711
2024-07-09,218.55999755859375,544.3649291992188,85.34600067138672,78.31366729736328,104.59547424316406
2024-07-10,219.36000061035156,549.7515258789062,85.61399841308594,78.89334869384766,105.51941680908203
2024-07-11,223.25,545.0113525390625,86.44573974609375,81.156005859375,106.77336120605469
2024-07-12,223.11000061035156,548.448974609375,86.81543731689453,81.77308654785156,106.79222106933594
2024-07-15,223.8300018310547,549.957275390625,85.81732940673828,82.32472229003906,108.62126922607422
2024-07-16,228.2899932861328,553.2186279296875,87.02796936035156,83.33450317382812,109.40380859375
2024-07-17,227.22999572753906,545.4617919921875,87.04647064208984,83.90483093261719,110.91230010986328
2024-07-18,225.77999877929688,541.2700805664062,86.38105773925781,83.16619873046875,112.0059585571289
2024-07-19,221.72999572753906,537.6756591796875,85.87274932861328,83.0166015625,109.43209075927734
2024-07-22,221.8000030517578,543.2191162109375,85.62323760986328,83.87678527832031,108.67782592773438
2024-07-23,222.5800018310547,542.3670043945312,85.50311279296875,83.81133270263672,106.92420959472656
2024-07-24,221.8000030517578,530.0756225585938,84.57894897460938,82.57715606689453,108.43270111083984
2024-07-25,218.3300018310547,527.3137817382812,85.27205657958984,82.30602264404297,110.71430969238281
2024-07-26,220.6300048828125,533.2194213867188,85.93745422363281,83.74588775634766,110.62004089355469
2024-07-29,220.32000732421875,533.5328369140625,86.39952087402344,84.17597198486328,109.46037292480469
2024-07-30,222.52000427246094,530.8297729492188,86.73223876953125,84.83045196533203,111.41199493408203
2024-07-31,226.5500030517578,539.4581909179688,87.61943054199219,84.53126525878906,111.80796813964844
2024-08-01,225.77000427246094,531.8190307617188,88.37512969970703,85.38208770751953,110.26175689697266
2024-08-02,225.33999633789062,521.9173583984375,91.12901306152344,85.33533477783203,110.19576263427734
2024-08-05,222.47999572753906,506.7171936035156,91.61119079589844,82.89505004882812,108.2064437866211
2024-08-06,220.6999969482422,511.38885498046875,89.56199645996094,84.53126525878906,107.63131713867188
2024-08-07,220.5500030517578,507.9707946777344,88.93146514892578,83.95157623291016,109.06438446044922
2024-08-08,224.00999450683594,519.7137451171875,88.38439178466797,84.77436065673828,111.14800262451172
2024-08-09,224.55999755859375,522.0054931640625,89.2560043334961,85.16703796386719,112.0531005859375
2024-08-12,228.41000366210938,522.27978515625,89.58052825927734,84.54060363769531,112.19451904296875
2024-08-13,228.05999755859375,530.868896484375,90.2017822265625,85.27924346923828,111.11972045898438
2024-08-14,226.1999969482422,532.5436401367188,90.76740264892578,85.50363159179688,112.14737701416016
2024-08-15,226.91000366210938,541.671630859375,90.03487396240234,85.43819427490234,112.8411865234375
2024-08-16,231.99000549316406,542.8861083984375,90.35015106201172,85.39144897460938,112.30895233154297
2024-08-19,231.61000061035156,548.0768432617188,90.76740264892578,86.1020278930664,112.6511001586914
2024-08-20,232.4600067138672,547.185546875,91.49063873291016,85.99918365478516,108.89701080322266
2024-08-21,232.14999389648438,549.0660400390625,91.54627990722656,86.45732116699219,108.20320892333984
2024-08-22,229.3699951171875,544.7567138671875,90.63758087158203,86.70977020263672,109.03956604003906
2024-08-23,232.02000427246094,550.544921875,91.23101043701172,88.61711883544922,110.55071258544922
2024-08-26,232.75999450683594,549.2325439453125,90.99920654296875,88.57971954345703,112.9172134399414
2024-08-27,233.38999938964844,549.9866333007812,90.84159088134766,88.71060943603516,111.84325408935547
2024-08-28,231.75,546.7938842773438,90.73031616210938,88.36467742919922,110.74078369140625
2024-08-29,232.9499969482422,546.8427734375,90.43359375,88.0935287475586,112.27092742919922
2024-08-30,231.2899932861328,552.06298828125,89.46926879882812,88.9443588256836,112.09036254882812
2024-09-03,230.2899932861328,540.7020874023438,90.93254852294922,88.89761352539062,109.74286651611328
2024-09-04,230.42999267578125,539.5953369140625,92.10469818115234,89.15006256103516,108.40279388427734
2024-09-05,232.35000610351562,538.2828979492188,92.6256332397461,88.86019897460938,107.55695343017578
2024-09-06,230.6300048828125,529.2235107421875,92.6163330078125,88.77606201171875,107.05323028564453
2024-09-09,231.60000610351562,535.1488647460938,93.01632690429688,89.76713562011719,109.30567932128906
2024-09-10,232.6199951171875,537.4798583984375,93.66751861572266,91.06674194335938,105.3235092163086
2024-09-11,232.25,542.993896484375,93.59308624267578,90.88910675048828,104.2780532836914
2024-09-12,236.3300018310547,547.5675659179688,93.15587615966797,91.27245330810547,105.71316528320312
2024-09-13,238.67999267578125,550.4274291992188,93.40705108642578,92.22611999511719,105.63713073730469
2024-09-16,238.66000366210938,551.2402954101562,94.26287841796875,92.53467559814453,107.1197509765625
2024-09-17,237.33999633789062,551.465576171875,93.80706024169922,91.8895263671875,108.51685333251953
2024-09-18,235.50999450683594,549.8300170898438,92.64422607421875,91.77733612060547,108.89701080322266
2024-09-19,239.1699981689453,559.21240234375,92.33726501464844,91.79603576660156,110.24658203125
2024-09-20,242.2100067138672,558.2457885742188,91.98374938964844,91.431396484375,109.55277252197266
2024-09-23,242.67999267578125,559.6408081054688,91.78839874267578,92.33833312988281,111.53912353515625
2024-09-24,246.07000732421875,561.2421264648438,91.76979064941406,92.46923065185547,111.24449920654297
2024-09-25,245.72999572753906,560.0042724609375,91.00698852539062,91.85213470458984,109.07759094238281
2024-09-26,246.97999572753906,562.2244873046875,91.22093963623047,91.02001190185547,107.20528411865234
2024-09-27,245.02000427246094,561.4091186523438,91.69537353515625,91.1359634399414,110.07552337646484
2024-09-30,243.05999755859375,563.6588134765625,91.25817108154297,91.85254669189453,111.40607452392578
2024-10-01,245.61000061035156,558.609375,91.91704559326172,91.258544921875,113.98165893554688
2024-10-02,245.66000366210938,558.8450927734375,91.14244842529297,90.93797302246094,115.4927978515625
2024-10-03,245.49000549316406,557.8234252929688,90.28382873535156,90.10826873779297,116.5002212524414
2024-10-04,245.0,562.892578125,89.17326354980469,89.674560546875,118.63862609863281
2024-10-07,244.1699981689453,557.8036499023438,88.50130462646484,88.88256072998047,119.1518325805664
2024-10-08,242.3699951171875,563.0791625976562,88.650634765625,89.06170654296875,115.98700714111328
2024-10-09,241.0500030517578,566.9794311523438,88.1466293334961,89.1559829711914,116.0345230102539
2024-10-10,242.82000732421875,565.9871215820312,87.80135345458984,88.36399841308594,117.0324478149414
2024-10-11,245.47000122070312,569.3763427734375,87.44671630859375,89.36341094970703,117.47914123535156
2024-10-14,245.07000732421875,574.0328369140625,87.51203918457031,89.90084838867188,117.92582702636719
2024-10-15,245.9199981689453,569.5728149414062,88.57596588134766,90.98512268066406,114.38082122802734
2024-10-16,247.14999389648438,572.0485229492188,88.94926452636719,91.98454284667969,114.67544555664062
2024-10-17,248.6300048828125,572.0975341796875,87.54004669189453,91.258544921875,114.38082122802734
2024-10-18,251.27000427246094,574.2981567382812,87.6053695678711,91.9374008178711,114.05769348144531
2024-10-21,251.22000122070312,573.3550415039062,86.07482147216797,90.13655853271484,114.12421417236328
2024-10-22,253.92999267578125,573.0504760742188,86.1588134765625,90.2685546875,114.71346282958984
2024-10-23,250.8699951171875,567.8142700195312,85.92549133300781,90.92854309082031,114.30479431152344
2024-10-24,252.8000030517578,569.0423583984375,86.47612762451172,91.12654876708984,113.65852355957031
2024-10-25,253.32000732421875,568.8458862304688,85.99082946777344,90.2685546875,113.5634765625
2024-10-28,253.3300018310547,570.6043090820312,85.75749969482422,90.5514144897461,113.00274658203125
2024-10-29,256.0899963378906,571.52783203125,85.8881607055664,89.90084838867188,111.46308135986328
2024-10-30,257.5,569.7987060546875,86.14015197753906,90.29683685302734,110.90235900878906
2024-10-31,253.50999450683594,558.6289672851562,86.2801284790039,88.7694320678711,110.98789978027344
2024-11-01,252.47000122070312,560.9866333007812,85.06373596191406,87.78884887695312,109.24864959716797
2024-11-04,252.8300018310547,559.7783203125,86.38408660888672,88.75055694580078,112.72713470458984
2024-11-05,253.39999389648438,566.547119140625,86.84290313720703,89.92912292480469,113.05976867675781
2024-11-06,245.6999969482422,580.6346435546875,84.46442413330078,88.01513671875,114.99859619140625
2024-11-07,249.64999389648438,585.1242065429688,85.52259063720703,89.07113647460938,115.14114379882812
2024-11-08,247.9600067138672,587.65869140625,86.60881042480469,90.40055084228516,115.10314178466797
2024-11-11,242.13999938964844,588.2186889648438,86.18742370605469,89.94799041748047,114.494873046875
2024-11-12,240.0500030517578,586.3914184570312,84.89517211914062,88.70342254638672,114.38082122802734
2024-11-13,237.6300048828125,586.67626953125,84.08985137939453,89.1937026977539,115.44527435302734
2024-11-14,237.00999450683594,582.9038696289062,84.57679748535156,88.39228820800781,115.52192687988281
2024-11-15,236.58999633789062,575.437744140625,84.35205841064453,88.43942260742188,114.32417297363281
2024-11-18,241.08999633789062,577.7955322265625,84.50186920166016,89.08056640625,115.2823715209961
2024-11-19,243.25,579.9076538085938,84.93263244628906,89.51427459716797,113.6725845336914
2024-11-20,244.6199951171875,580.1041259765625,84.66106414794922,89.401123046875,115.29195404052734
2024-11-21,246.66000366210938,583.2183227539062,84.59553527832031,90.0611343383789,116.83468627929688
2024-11-22,249.83999633789062,585.0259399414062,84.64236450195312,90.73998260498047,116.70053100585938
2024-11-25,242.47999572753906,587.0103149414062,86.83356475830078,92.00340270996094,114.95659637451172
2024-11-26,242.9499969482422,590.075439453125,86.49644470214844,92.37110900878906,113.0401611328125
2024-11-27,243.49000549316406,588.2874755859375,87.09574127197266,92.9651107788086,112.74313354492188
2024-11-29,245.58999633789062,591.9419555664062,87.9947280883789,92.55026245117188,113.03058624267578
2024-12-02,243.44000244140625,593.0028686523438,88.20613861083984,91.20198059082031,112.92518615722656
2024-12-03,243.92999267578125,593.278076171875,87.44499969482422,90.73998260498047,112.75270080566406
2024-12-04,244.6699981689453,596.9619140625,88.3846664428711,90.49484252929688,109.50436401367188
2024-12-05,242.86000061035156,595.9796142578125,88.56320190429688,90.27798461914062,109.98346710205078
2024-12-06,242.9499969482422,597.1093139648438,88.69475555419922,90.14598083496094,108.82403564453125
2024-12-09,245.36000061035156,594.0344848632812,87.87724304199219,90.40055084228516,108.18203735351562
2024-12-10,248.58999633789062,592.1875610351562,87.46381378173828,89.0899887084961,107.9616470336914
2024-12-11,250.9600067138672,596.7655639648438,86.63687896728516,88.88256072998047,107.24298858642578
2024-12-12,247.27999877929688,593.690673828125,85.58446502685547,88.74113464355469,107.14717102050781
2024-12-13,244.2899932861328,593.5726928710938,84.71058654785156,88.48655700683594,106.20811462402344
2024-12-16,244.8800048828125,596.1072998046875,84.96428680419922,88.17542266845703,103.93716430664062
2024-12-17,243.94000244140625,593.6513671875,85.1710205078125,87.75114440917969,103.49639129638672
2024-12-18,239.25999450683594,575.9584350585938,84.10601806640625,84.13059997558594,101.97281646728516
2024-12-19,239.60000610351562,575.7816162109375,82.83255004882812,82.82945251464844,101.1008529663086
2024-12-20,242.10000610351562,582.697265625,83.3041763305664,84.22488403320312,101.44581604003906
2024-12-23,240.9600067138672,586.1866455078125,82.54010772705078,84.55426025390625,101.85784912109375
2024-12-24,241.44000244140625,592.7021484375,82.8891372680664,85.11592864990234,101.95365905761719
2024-12-26,243.07000732421875,592.7415771484375,82.84197998046875,85.34440612792969,102.03990173339844
2024-12-27,241.39999389648438,586.5020751953125,82.16278076171875,84.48763275146484,102.03031921386719
2024-12-30,240.6300048828125,579.80908203125,82.82310485839844,84.06875610351562,101.34040832519531
